Adress,Court Type,Equality Court,GPS,Mediation Services,Office Name,Region,Sexual Offence Court,Small Claims Court,adress,fax,telephone
c/o Wesfleur Circle & Reygersdal Street Wesfleur,Detached Court,Yes, 18.49383;  -33.56632,No,Atlantis,Western Cape,Yes,Yes,,021 572 3230,021 572 1003
1 Hlahla Street Atteridgeville 0008,Detached Court,No,-25.77375; 28.0718,No,Atteridgeville,Gauteng,No,Yes,,012 373 1137,012 373 1140
,Periodical Court,No,,No,Augrabies,Northern Cape,No,No,,,See Kakamas
Lot 59 c/o Justice & Main Street Babanango 3850,Magistrate Court,Yes,-28.37697 31.08321,No,Babanango,KwaZulu-Natal,No,Yes,,035 835 0007,035 835 0044
,Periodical Court,No,-32.53637 26.67651,No,Balfour [EC,Eastern Cape,No,No,,,See Seymour
c/o Themba Shozi & Frank Street Balfour 2410,Magistrate Court,Yes,-26.66341; 28.58758,No,Balfour [MP,Mpumalanga,No,Yes,,017 773 1127,017 773 0157
SAPS Bandelierkop,Periodical Court,No,-23.3178; 29.80374,No,Bandelierkop,Limpopo,No,No,,015 516 0044,015 516 0181/2/3
President Plein De Villiers Street Barberton 1300. Next to the Municipality Building.,Magistrate Court,Yes,-25.78954; 31.05255,No,Barberton,Mpumalanga,No,Yes,,013 712 5122,013 712 2104/ 3284/ 3267
Graskop Main Road Bushbuckridge 1280,Magistrate Court,Yes,-30.96776 27.59272,No,Barkly East,Eastern Cape,No,Yes,,045 971 0585,045 971 0013
9 Transvaal Road Barkly West 8375,Magistrate Court,Yes,-28.53662; 24.52611,No,Barkly West,Northern Cape,Yes,Yes,,053 531 0812,053 531 0621/23
6 Bain Street Barrydale,Periodical Court,No, 20.72136;  -33.90294,No,Barrydale,Western Cape,No,No,,028 514 2342,028 514 1109/ 1160/ 1223
Cnr Forthar & Lovedale Road Batho 9323,Branch Court,No, 26.22632;  -29.13556,No,Batho,Free State,No,No,,051 432 9285,051 432 4728 / 4729 / 506 1111
c/o Church & Bird Street Beaufort West 6970,Magistrate Court,Yes, 22.58442;  -32.35008,No,Beaufort West,Western Cape,No,Yes,,023 414 4658,023 415 1787
Andreu Tupin Street Bedford 5780,Magistrate Court,Yes,-32.67953 26.08796,No,Bedford,Eastern Cape,No,Yes,,046 685 0476,046 865 0020
22 Moffat (c/o Moffat & Pretoria) Street Bela-Bela 0480,Magistrate Court,Yes,-24.88281; 28.29105,No,Bela-Bela,Limpopo,No,Yes,,014 736 5210/ 0865075648,014 736 2231
c/o Voortrekker Road & Landdros Street Bellville 7535,Magistrate Court,Yes, 18.62185;  -33.90249,No,Bellville,Western Cape,No,Yes,,021 945 2255/ 949 6514,021 950 7700/7820
69 Harpur Street Benoni 1500,Magistrate Court,Yes,-26.19365; 28.32041,Yes,Benoni,Gauteng,No,Yes,,011 421 7213,011 746 7600/1
Sharrat Street Bergville 3350,Magistrate Court,Yes,-28.73194 29.35447,No,Bergville,KwaZulu-Natal,No,Yes,,036 448 1366,036 448 1015/6
60 Chris Hani  [Mark Street Bethal 2310,Magistrate Court,Yes,-26.45553; 29.46524,No,Bethal,Mpumalanga,No,Yes,,017 647 3720,017 647 6511
Tribal Street Moseja Section,Periodical Court,No,-25.55169; 27.60138,No,Bethanie,North West,No,No,,012 703 2223/3189,012 700 8255
c/o Oxford & Grey Street Bethlehem 9700,Magistrate Court,Yes, 28.30458;  -28.22987,No,Bethlehem,Free State,Yes,Yes,,058 303 1541,058 303 5386
16 Joubert Street Bethulie 9992,Magistrate Court,Yes, 25.97268;  -30.49535,No,Bethulie,Free State,No,Yes,,051 763 0524,051 763 0005
,Periodical Court,No,-31.9858 27.20082,No,Bholothwa,Eastern Cape,No,No,,,See Lady Frere
c/o N14 and R52 Biesiesvlei,Periodical Court,No,-26.37827; 25.9035,No,Biesiesvlei,North West,No,No,,018 632 3619,018 632 7900
c/o Myrtle Road & Valhalla Avenue Bishop Lavis 7490,Branch Court,No, 18.56676;  -33.94619,No,Bishop Lavis,Western Cape,No,No,,021 934 1072,021 934 1021/1664/1379
n/a,Periodical Court,No,-31.80992 28.53489,No,Bityi,Eastern Cape,No,No,,,See Mthatha
Erf 104 Main Street (R61) Bizana 4800,Magistrate Court,Yes,-30.85565 29.8555,No,Bizana,Eastern Cape,No,Yes,,039 251 0211 / 0534,071 4640 401/ 082 324 1283/ 039 251 0210
c/o St George’s & President Brand Street Bloemfontein 9301,Magistrate Court,Yes, 26.2165;  -29.12004,No,Bloemfontein,Free State,Yes,Yes,,051 447 6854,051 506 1111
38 Kerk Street Bloemhof 2660,Magistrate Court,Yes,-27.6497; 25.60204,Yes,Bloemhof,North West,No,Yes,,053 433 2220,053 433 1035
Eerste Rivier Street Bluedowns 7100,Branch Court,No, 18.68644;  -33.97949,No,Bluedowns,Western Cape,No,No,,021 909 9072,021 909 9000
,Periodical Court,No,-33.68003 26.667,No,Boesmansriviermond,Eastern Cape,No,No,,,See Alexandria
Cnr Trichardt & Adderley Str Boksburg 1460,Detached Court,Yes,-26.22538; 28.25227,No,Boksburg,Gauteng,No,Yes,,011 917 1177,011 917 9620-6 / 9153-8
2 Coetzee Street Bonnievale 6730,Periodical Court,No, 20.10088;  -33.93929,No,Bonnievale,Western Cape,No,Yes (Sessions Only),,023 616 2371,023 616 2150
JQ381 Elandsfontein Boons,Periodical Court,No,-25.96677; 27.23693,No,Boons,North West,No,No,,014 543 4880,014 543 2024/2357
426 Booysens Road Booysens 2016,Branch Court,No,-26.233462; 28.021827,No,Booysens,Gauteng,No,No,,011 433 5297,011 491 5115
Near Schoemansdal  SAPS Cnr Schoemansdale and Boschfontein Road,Branch Court,No,-25.71414; 31.6118,No,Boschfontein,Mpumalanga,Yes,No,,013 780 0747,013 780 3312 /3153
Cnr Market & De Kock Street Vryburg 8601,Periodical Court,No,-26.95809; 24.727233,No,Boshoek,North West,No,No,,053 927 2309,053 928 4209
4 Van Zyl Street Boshof 8340,Magistrate Court,Yes, 25.23639;  -28.53925,No,Boshof,Free State,No,Yes,,053 541 0534,053 541 0017
31 President Avenue Bothaville 9660,Magistrate Court,Yes, 26.61618;  -27.39389,No,Bothaville,Free State,No,Yes,,056 515 3175,056 515 2031
n/a,Periodical Court,No,-27.06505; 23.82835,No,Bothithong,Northern Cape,No,No,,053 773 1502/1156,053 773 1868/ 1869/ 1307/ 1550
c/o Hospital & Stand Street Botshabelo 9781,Magistrate Court,Yes, 26.71375;  -29.23168,No,Botshabelo,Free State,Yes,Yes,,051 534 1416,051 534 1078
Prince George & Kritzinger Street Brakpan 1541,Detached Court,Yes,-26.23825; 28.36591,No,Brakpan,Gauteng,No,Yes,,011 746 8369,011 746 8300/8
69 Voortrekker Street Brandfort 9400,Magistrate Court,Yes, 26.45932;  -28.70282,No,Brandfort,Free State,No,Yes,,051 821 1602 /1004,051 821 2211
69 Hoof Street Brandvlei,Periodical Court,No,-30.46395; 20.48972,No,Brandvlei,Northern Cape,No,Yes (Sessions Only),,027 341 1483,027 341 1017/ 2920
Paddon Road Bray,Periodical Court,No,-25.4577; 23.71557,No,Bray,North West,No,No,,053 927 2309,053 928 4209
22 Long Street Bredasdorp 7280,Magistrate Court,Yes, 20.03966;  -34.53231,No,Bredasdorp,Western Cape,No,Yes,,028 424 1904,028 424 1139
305 Breytenbach Street Breyten 2330,Branch Court,No,-26.30286; 29.98789,No,Breyten,Mpumalanga,No,Yes (Sessions Only),,017 861 3561,017 861 3026
Cnr Van Velden & Court Street Brits 0250,Magistrate Court,Yes,-25.63501; 27.77902,Yes,Brits,North West,Yes,Yes,,012 252 3223,012 252 3416 / 0676
22 Long Street Britstown 8782,Magistrate Court,Yes,-30.58919; 23.50358,No,Britstown,Northern Cape,No,Yes,,053 672 0464,053 672 0012
Cnr High & Mercury Street Brixton 2019,Branch Court,No,-26.19322; 27.99333,No,Brixton,Gauteng,No,No,,011 837 6349,011 839 2768
38 Kruger Street Bronkhorstspruit 1020,Detached Court,Yes,-25.80778; 28.74458,No,Bronkhorstspruit,Gauteng,No,Yes,,013 932 2880,013 932 2901-3
Potchefstroom Parys Main Road Buffelshoek,Periodical Court,,-26.80362; 27.39961,No,Buffelshoek,North West,No,,,,See Potchefstroom
Near SAPS Bulgerivier,Periodical Court,No,-24.12652; 27.69397,No,Bulgerivier,Limpopo,No,No,,014 763 3840,014 763 2178
5 McCullem Street Bultfontein 9670,Magistrate Court,Yes, 26.1533;  -28.2902,No,Bultfontein,Free State,No,Yes,,051 853 1851 /1119,051 853 1126
Church Street  Burgersdorp 9744,Magistrate Court,Yes,-30.99471 26.33137,No,Burgersdorp,Eastern Cape,No,Yes,,051 653 1129,051 653 1833
7 Justice Street Burgersfort,Branch Court,No,-24.67995; 30.3297,Yes,Burgersfort,Limpopo,No,No,,013 235 3411,013 235 2325/6/7
R533 Near SAPS Graskop Road Bushbuckridge 1280,Magistrate Court,Yes,-24.83612; 31.06877,No,Bushbuckridge,Mpumalanga,No,Yes,,013 799 0407,013 799 0211/ 12
52 Blyth Street Butterworth 4960,Magistrate Court,Yes,-32.33077 28.14535,No,Butterworth,Eastern Cape,Yes,Yes,,047 491 0904,047 491 3271
Umtata Road 472 Cala 5455,Magistrate Court,Yes,-31.52342 27.69345,No,Cala,Eastern Cape,No,Yes,,047 877 0093,047 877 0135
28 Church Street Caledon 7230,Magistrate Court,Yes, 19.42972;  -34.23221,No,Caledon,Western Cape,No,Yes,,028 214 1630,028 212 1076
13 Queen Street Calitzdorp 6660,Magistrate Court,Yes, 21.68649;  -33.5337,No,Calitzdorp,Western Cape,No,Yes,,044 213 3013,044 213 3309
26 Stigling Street Calvinia 8190,Magistrate Court,Yes,-31.47384; 19.77341,No,Calvinia,Northern Cape,No,Yes,,027 341 1483,027 341 1017
10 Bishop Street Camperdown 3720,Magistrate Court,Yes,-29.72945 30.54196,No,Camperdown,KwaZulu-Natal,No,Yes,,031 785 1652,031 785 1155/6/7
Iustitia Building c/o Caledon & Parade Street Cape Town 8001,Magistrate Court,Yes, 18.42324;  -33.92683,No,Cape Town,Western Cape,Yes,Yes,,021 461 1948,021 401 1511
17 Norlen House Cape Town,Branch Court,No, 18.424;  -33.92702,No,Cape Town Community Court,Western Cape,No,No,,021 461 1948,021 401 1544/ 1547
9 Hanau Street Carnarvon 8925,Magistrate Court,Yes,-30.96974; 22.12965,No,Carnarvon,Northern Cape,No,Yes,,053 382 3725,053 382 3001
38 Voortrekker Street Carolina 1185,Magistrate Court,Yes,-26.06994; 30.11698,No,Carolina,Mpumalanga,No,Yes,,017 843 2500,017 843 1033
Main Street Cathcart 5310,Magistrate Court,Yes,-32.29775 27.14447,No,Cathcart,Eastern Cape,No,Yes,,045 843 1692,045 843 1027
CCSC Building Bell Street Centane 4980,Magistrate Court,Yes,-32.50991 28.31996,No,Centane,Eastern Cape,No,Yes,,047 498 1035,047 498 1033
100 Napier Street Lyttleton Centurion,Periodical Court,No,-25.82718; 28.20543,No,Centurion,Gauteng,No,No,,012 328 6546,012 319 4000
44 Voortrekker Road Ceres 6835,Magistrate Court,Yes, 19.30676;  -33.37161,No,Ceres,Western Cape,No,Yes,,023 316 1190,023 312 1112 / 1188/ 1189/ 1067
234 Botha Street Charl Cilliers 2301 [at Police Station ,Periodical Court,,-26.664883; 29.189887,No,Charl Cilliers,Mpumalanga,No,,,017 634 8540,017 640 0236
Hollard Street Charlestown,Periodical Court,No,-27.41492 29.87248,No,Charlestown,KwaZulu-Natal,No,No,,034 315 1607,034 312 1166/7/8
1 Justice Street Unit 5  Chatsworth 4030,Magistrate Court,Yes,-29.91076 30.88408,No,Chatsworth,KwaZulu-Natal,No,Yes,,031 403 0301,031 403 3227/ 2231/ 3281/ 3282
69 Parkwood Street SAPS Chrissies Meer,Periodical Court,No,-26.28052; 30.21357,No,Chrissies Meer,Mpumalanga,No,No,,017 819 2735,017 819 3462/ 63/66
17\xa0 Pretorius Street Christiana 2680,Detached Court,Yes,-27.9104; 25.16982,No,Christiana,North West,No,Yes,,053 441 3958,053 441 2205
Voortrekker Ave Citrusdal,Periodical Court,No, 19.01136;  -32.58819,No,Citrusdal,Western Cape,No,No,,027 482 2412,027 482 2114/5
4 Hoof Street Clanwilliam 8135,Magistrate Court,Yes, 18.89238;  -32.17091,No,Clanwilliam,Western Cape,No,Yes,,027 482 2412,027 482 2114/5
Church Street,Periodical Court,No, 28.41976;  -28.51545,No,Clarens,Free State,No,No,,058 303 1541,058 303 5386
Dirkie Uys Avenue Clocolan 9735,Magistrate Court,Yes, 27.56832;  -28.91609,No,Clocolan,Free State,No,Yes,,051 943 0963,051 943 0409
High Street Confimvaba 5380,Magistrate Court,Yes,-32.00074 27.58029,No,Cofimvaba,Eastern Cape,No,Yes,,047 874 0555,047 874 0008
Sir George Street Colenso 3360,Periodical Court,No,-28.73448 29.82326,No,Colenso,KwaZulu-Natal,No,Yes,,036 422 2545,036 422 2203
8 Campbell Street Colesberg 9795,Magistrate Court,Yes,-30.71992; 25.09577,No,Colesberg,Northern Cape,Yes,Yes,,051 753 8450,051 753 8400
65 Voortrekker Street Coligny 2725,Detached Court,Yes,-26.3323; 26.31589,No,Coligny,North West,No,Yes,,018 673 1378/1551,018 673 1053
End Street,Periodical Court,No,-32.74986 25.80045,No,Cookhouse,Eastern Cape,No,No,,,See Somerset East
7 Ritcherd Street,Periodical Court,No, 28.85382;  -27.23581,No,Cornelia,Free State,No,No,,058 913 2747,058 913 1024
50 Market Square Cradock 5880,Magistrate Court,Yes,-32.16883 25.61805,No,Cradock,Eastern Cape,No,Yes,,048 881 2958,048 881 1378
2 School Road Cullinan 1000,Detached Court,Yes,-25.67871; 28.5357,No,Cullinan,Gauteng,No,Yes,,012 734 1989,012 734 1024/25
Farm Station near Cumberland SAPS,Periodical Court,No,-23.97596; 26.9198,No,Cumberland,Limpopo,No,No,,014 772\xa0 2523,014 777 1543
n/a,Periodical Court,No,-31.6218 28.19319,No,Dalasile,Eastern Cape,No,No,,,See Ngcobo
4 Park Road Danielskuil,Periodical Court,No,-28.1827; 23.54321,No,Danielskuil,Northern Cape,No,Yes (Sessions Only),,053 313 2580,053 313 1155
6 Church Street Dannhauser 3080,Magistrate Court,Yes,-28.01311 30.05773,No,Dannhauser,KwaZulu-Natal,No,Yes,,034 621 2986,034 621 2227
Main Road Darling,Periodical Court,No, 18.38266;  -33.37655,No,Darling,Western Cape,No,No,,022 482 4307,022 482 1121/ 1166/ 1141
Davel SAPS Station ,Periodical Court,No,-26.4479; 29.66766,No,Davel,Mpumalanga,No,No,,017 819 2735,017 819 3462/ 63/66
Embusweni Road Daveyton,Detached Court,Yes,-26.15317; 28.41495,No,Daveyton,Gauteng,No,Yes,,n/a,011 424 1200
43 Voortrekker Street De Aar 7000,Magistrate Court,Yes,-30.65054; 24.01046,No,De Aar,Northern Cape,Yes,Yes,,053 631 1588,053 631 2184
53 Voortrekker Weg De Doorns,Periodical Court,No, 19.66592;  -33.47451,No,De Doorns,Western Cape,No,No,,023 347 5024,023 342 2325
Cnr Van Velden & Court Street Brits 0250,Periodical Court,No,-25.634779; 27.779294,No,De Wildt,North West,No,No,,012 252 3223,012 252 3223
10 School Street Dealesville 9348,Periodical Court,No, 25.76341;  -28.67555,No,Dealesville,Free State,No,Yes (Sessions Only),,051 811 0204,051 811 0022
1 Hoof Street Dibeng,Periodical Court,No,-27.59847; 22.88326,No,Deben,Northern Cape,No,No,,053 313 2580,053 313 1155
23 General Delarey Street Delareyville 2770,Magistrate Court,Yes,-26.68668; 25.4575,No,Delareyville,North West,No,Yes,,053 948 0904,053 948 9300
1 Dolomiet Street Delmas 2210,Magistrate Court,Yes,-26.14527; 28.68632,No,Delmas,Mpumalanga,No,Yes,,013 665 5778,013 665 2081/ 2082/ 2042
4 Scholts Street Delportshoop,Periodical Court,No,-28.41655; 24.30995,No,Delportshoop,Northern Cape,No,No,,053 531 0812,053 531 0621/23
c/o Tria & Selbourne Streets Devon,Periodical Court,No,-26.3565; 28.78579,No,Devon,Gauteng,No,No,,011 814 5488,011 814 8261-3
16 Church street Dewetsdorp 9940,Magistrate Court,Yes, 26.66253;  -29.58432,No,Dewetsdorp,Free State,No,Yes,,051 541 0754,051 541 0021
Next to Police Station,Branch Court,No,-24.61497; 30.80556,No,Dientjie,Mpumalanga,No,No,,013 799 0211/0212,013 799 0211/0212
Next to SAPS,Branch Court,No,-32.83299 27.20609,No,Dimbaza,Eastern Cape,No,No,,,See Zwelitsha
Main Road (R543) SAPS Dirkiesdorp,Periodical Court,No,-27.173453; 30.402433,No,Dirkiesdorp,Mpumalanga,No,No,,017 730 0147,017 730 0156
Old Main Road Donnybrook,Periodical Court,No,-29.92981 29.87934,No,Donnybrook,KwaZulu-Natal,No,No,,039 832 9461,039 832 0016/0047
Mark Plein Nr 2 Dordrecht 5435,Magistrate Court,Yes,-31.3747 27.04855,No,Dordrecht,Eastern Cape,No,Yes,,045 943 1661/5,045 943 1008
Off the R33,Periodical Court,No,-24.06071; 28.16088,No,Dorset,Limpopo,No,No,,014 717 5369,014 717 5316
14 Rhodes Street Douglas 8730,Magistrate Court,Yes,-29.05633; 23.77443,No,Douglas,Northern Cape,No,Yes,,053 298 2809,053 298 1011
Cnr Market Street & Berg Rivier Boulevard Paarl 7622,Periodical Court,No,,No,Drakenstein Prison,Western Cape,No,No,,021 872 9116,021 872 3127
P77 Dududu Main Road Scottburgh 4180,Branch Court,No,-30.192860 30.617287,No,Dududu,KwaZulu-Natal,No,Yes (Sessions Only),,039 974 0146,039 974 0142
Dukuza Township Bergville 3350,Branch Court,No,-28.74964 29.20826,No,Dukuza,KwaZulu-Natal,No,No,,036 438 6063,036 438 6063/4
175 Voortrekker Street Dullstroom,Periodical Court,No,-25.4183; 30.10481,No,Dullstroom,Mpumalanga,No,No,,013 253 0035,013 253 1138/ 1147
34 Beaconsfield Street Dundee 3000,Magistrate Court,Yes,-28.16163 30.23335,No,Dundee,KwaZulu-Natal,No,Yes,,034 218 2494,034 212 1179
23 Porter Road Dunnottar,Periodical Court,No,-26.35112; 28.43841,No,Dunnottar,Gauteng,No,No,,011 814 5488,011 814 8261-3
Cnr Somtseu & Stanger Street Durban 4001,Magistrate Court,Yes,-29.84468 31.02868,No,Durban,KwaZulu-Natal,Yes,Yes,,031 332 5006,031 302 4111
Next to Police Station Idutywa 5000,Magistrate Court,Yes,-32.09893 28.30458,No,Dutywa,Eastern Cape,No,Yes,,047 489 1449,047 489 1234
SAPS Dwaalboom,Periodical Court,No,-24.72723; 26.80745,No,Dwaalboom,Limpopo,No,No,,014 772\xa0 2523,014 777 1543
Makadu Location Road D3669 [Hillside Street Louis Trichardt 0920,Magistrate Court,Yes,-22.89556; 30.03808,No,Dzanani,Limpopo,No,Yes,,015 970 4332,015 970 4005
Dzumeri Tribal Council,Periodical Court,No,-23.30713; 30.70588,No,Dzumeri,Limpopo,No,No,,015 812 0423,015 812 3275
4 Buffalo Street East London 5200,Magistrate Court,Yes,-33.02075 27.90372,No,East London,Eastern Cape,Yes,Yes,,043 743 0840,043 702 8000
21 Van Dyk Street Edenburg 9908,Magistrate Court,Yes, 25.93777;  -29.73755,No,Edenburg,Free State,No,Yes,,051 743 1122,051 743 1102
Cnr Linksfield & 1st Avenue Edenvale 1609,Branch Court,No,-26.149515; 28.150312,No,Edenvale,Gauteng,No,No,,011 453 9996,011 453 9996
1 Jordan Street Edenville 9535,Periodical Court,No, 27.67431;  -27.55514,No,Edenville,Free State,No,Yes,,056 631 0393,056 631 0014
Stand No. 9 Police Station Road Elukwatini 1192,Magistrate Court,Yes,-26.06114; 30.78769,Yes,Eerstehoek,Mpumalanga,Yes,Yes,,017 883 0091/1283,017 883 0090/ 9802
4995 Section D Ekangala 1021,Detached Court,Yes,-25.691407; 28.742122,Yes,Ekangala,Gauteng,No,Yes,,013 930 0238,013 934 4249/50
Next to Ekuvukeni Police Station Wasbank Ekuvukeni 3381,Branch Court,No,-28.46148 30.15579,No,Ekuvukeni,KwaZulu-Natal,No,No,,034 261 1695,034 261 1039
Old Main Road Elandslaagte,Periodical Court,No,-28.4012 29.95882,No,Elandslaagte,KwaZulu-Natal,No,No,,036 631 0498,036 637 6771/2; 637 6763/4
Near Waterval Police Station,Magistrate Court,Yes,-23.15916; 30.07591,No,Elim,Limpopo,No,Yes,,015 556 4110,015 556 4091/4052
34 Voortrekker Street Elliot 5460,Magistrate Court,Yes,-31.33314 27.85055,No,Elliot,Eastern Cape,No,Yes,,045 931 1312,045 931 1013
Erf 91 Main Street Elliotdale 5070,Magistrate Court,Yes,-31.96836 28.6847,No,Elliotdale,Eastern Cape,No,Yes,,047 577 0344,047 577 0003
1 Third Avenue Waterval Boven 1195,Magistrate Court,Yes,-25.64478; 30.32519,No,Emgwenya,Mpumalanga,No,Yes,,013 257 0670,013 257 0004
V 1318 Mangosuthu High Way Umlazi 4066,Magistrate Court,Yes,-29.96176 30.92512,No,Emlazi,KwaZulu-Natal,Yes,Yes,,031 907 1480,031 907 3955/ 1670
6 Union Street Empangeni 3880,Magistrate Court,Yes,-28.74345 31.89247,No,Empangeni,KwaZulu-Natal,No,Yes,,035 792 2527,035 772 1711/2/3
17 Jan van Riebeeck Street Ermelo 2350,Magistrate Court,Yes,-26.52318; 29.98344,No,Ermelo,Mpumalanga,No,Yes,,017 819 2735,017 819 3462/ 63/66
c/o Main & William Chadwick Streets Eshowe 3815,Magistrate Court,Yes,-28.90295 31.45578,No,Eshowe,KwaZulu-Natal,No,Yes,,035 474 4367,035 474 1127/8
H11 Ilanda Street Esikhawini 3887,Branch Court,No,-28.87444 31.90471,No,Esikhawini,KwaZulu-Natal,No,No,,035 796 2074,035 796 0122
172 Albert Street Estcourt 3310,Magistrate Court,Yes,-29.00583 29.87265,No,Estcourt,KwaZulu-Natal,No,Yes,,036 352 1270,036 352 3030/3032
Cnr Solly Zwane St & Bologna Street Evander 2280,Magistrate Court,Yes,-26.46967; 29.10738,Yes,Evander,Mpumalanga,No,Yes,,017 632 2835,017 632 2204
Commission Street Excelsior 9760,Magistrate Court,Yes, 27.06033;  -28.93859,No,Excelsior,Free State,No,Yes,,051 973 0518,051 973 0017
797 Ingonyama Street Opposite SAPS Ezakheni 3381,Detached Court,No,-28.59661 29.92848,No,Ezakheni,KwaZulu-Natal,No,Yes,,036 636 2286,036 636 1312/3
Ntlabathi Street Ezibeleni 5326,Branch Court,No,-31.91099 26.95343,No,Ezibeleni,Eastern Cape,No,No,,047 873 2239,047 873 1065
100 Van Riebeeck Street Belfast 1100,Magistrate Court,Yes,-25.69342; 30.03615,No,eMakhazeni,Mpumalanga,No,Yes,,013 253 0035,013 253 1138/ 1147
14 Delville Street eMalahleni 1035,Magistrate Court,Yes,-25.8761; 29.2126,No,eMalahleni,Mpumalanga,No,Yes,,013 656 5023,013 656 2221/ 2222/ 2223/ 2240/ 2249
SAPS Robertson Street Badplaas,Periodical Court,No,-25.95844; 30.56844,No,eManzana,Mpumalanga,No,No,,017 843 2500,017 843 1033
23 Church Street Piet Retief 2380,Magistrate Court,Yes,-27.00406; 30.80305,No,eMkhondo,Mpumalanga,No,Yes,,017 826 2085 Tel/Fax,017 826 2085
8 Plein Street Machadodorp,Periodical Court,No,-25.66838; 30.25337,No,eNtokozweni,Mpumalanga,No,No,,013 253 0035,013 253 1138/ 1147
52 Voortrekker Street Fauresmith 9978,Magistrate Court,Yes, 25.31177;  -29.74652,No,Fauresmith,Free State,No,Yes,,051 723 0103,051 723 0002
16 Voortrekker Street Ficksburg 9730,Magistrate Court,Yes, 27.87423;  -28.87131,No,Ficksburg,Free State,No,Yes,,051 933 4479,051 933 2201
Main Street (R61) Flagstaff 4810,Magistrate Court,Yes,-31.08061 29.5007,No,Flagstaff,Eastern Cape,No,Yes,,039 252 0182,039 252 0127/ 0188
Cnr Losberg Avenue & 9th Str Fochville 2515,Detached Court,No,-26.49291; 27.49447,No,Fochville,Gauteng,No,Yes,,018 771 4188,018 771 2017
c/o Jackson & Main Plettenberg Bay ,Periodical Court,No, 23.37173;  -34.05771,No,Formosa,Western Cape,No,No,,044 382 2708,044 382 1141/ 2/3
Market Street 4 Fort-Beaufort 5720,Magistrate Court,Yes,-32.77756 26.63076,No,Fort Beaufort,Eastern Cape,No,Yes,,046 645 4075,046 645 1104
40 Reitz Street Fouriesburg 9725,Magistrate Court,Yes, 28.20728;  -28.61974,No,Fouriesburg,Free State,No,Yes,,058 223 0652,058 223 0203 / 303 5386
24 Van Reenen Street Frankfort 9830,Magistrate Court,Yes, 28.49206;  -27.27686,No,Frankfort,Free State,No,Yes,,058 813 1638,058 813 1000
n/a,Periodical Court,No, 19.1491;  -33.902,No,Franschoek,Western Cape,No,No,,021 872 9116,021 872 3127
54 Voortrekker Street Fraserburg 6960,Magistrate Court,Yes,-31.91361; 21.5125,No,Fraserburg,Northern Cape,No,Yes,,023 741 1049,023 741 1008
Next to Bolobedu Police Station Ga-Kgapane 0838,Magistrate Court,Yes,-23.64425; 30.22234,No,Ga-Kgapane,Limpopo,No,Yes,,015 328 3002,015 328 3002/ 3768/ 3814
SAPS Maleboho Eldorado village RADITSHABA 0718,Periodical Court,No,-22.98094; 28.93737,No,Ga-Maleboho,Limpopo,No,No,,015 505 3153,015 505 3151/ 52
Next to Police Station,Periodical Court,No,-23.67473; 29.0319,No,Ga-Matlala,Limpopo,No,No,,015 223 5101,015 223 5112/ 6087/ 6335
c/o Llewellyn & Bronwyn Street Kriel 2271,Magistrate Court,Yes,-26.25121; 29.25995,No,Ga-Nala,Mpumalanga,No,Yes,,017 648 3532,017 648 2196/7
8835 Ntlatsang Street Zone 5 Ga-Rankuwa 0208,Detached Court,Yes,-26.60997; 24.17689,Yes,Ga-Rankuwa,North West,No,Yes,,012 703 2223/3189,012 700 8200
See Kimberley,Branch Court,No,-28.7155; 24.7234,No,Galeshewe Community Court,Northern Cape,Yes,Yes,,See Kimberley,See Kimberley
Next to Post Office Main Road Ganyesa 8613,Magistrate Court,Yes,-25.59571; 28.00104,No,Ganyesa,North West,No,Yes,,053 998 3302,053 998 8100
Jan Groeintjie Street,Periodical Court,No, 25.49165;  -30.59144,No,Gariepdam,Free State,No,Yes (Sessions Only),,051 773 0028,051 773 0002
20 Hoof Street Garies,Periodical Court,No,-30.5595; 17.9898,No,Garies,Northern Cape,No,Yes (Sessions Only),,027 652 1123,027 652 1013
C/O Regional Road and Voisin Street,Branch Court,No,-33.90995 25.54972,No,Gelvandale,Eastern Cape,No,No,,,See Port Elizabeth
n/a,Periodical Court,No, 19.5394;  -34.0655,No,Genadendal,Western Cape,No,No,,028 214 1630,028 212 1076
c/o 130 York & Courtney Street George 6530,Magistrate Court,Yes, 22.45979;  -33.95591,No,George,Western Cape,No,Yes,,044 802 5861,044 802 5800
78B President Street Germiston 1401,Detached Court,Yes,-26.214949; 28.162895,Yes,Germiston,Gauteng,No,Yes,,011 825 4606,011 873 0500
Hardach  Street Germiston 1401,Detached Court,No,-26.205667; 28.159614,No,Germiston Hardach Street,Gauteng,No,No,,011 873 5497,011 873 0195/ 8685 / 8697
Next to N11,Periodical Court,No,-23.48723; 28.65612,No,Gilead,Limpopo,No,No,,015 483 0302 Tel/Fax,015 483 0302/3
Foxon Str Gingindlovu,Periodical Court,No,-29.02721 31.58155,No,Gingindlovu,KwaZulu-Natal,No,No,,035 340 1253,035 340 1415
Stand 67 Unit BA Main Road Next to Hospital Giyani 0826,Magistrate Court,Yes,-23.31234; 30.69439,Yes,Giyani,Limpopo,No,Yes,,015 812 0423,015 812 3276/ 0420/ 0421
Justice Lane c/o Justice & Biggar Streets Glencoe 2930,Magistrate Court,Yes,-28.17633 30.15093,No,Glencoe,KwaZulu-Natal,No,Yes,,034 393 2147,034 393 1164/1190
n/a,Periodical Court,No,-27.97621 31.03228,No,Gluckstadt,KwaZulu-Natal,No,No,,034 980 9203,034 981 4911/4912/9809
A Avenue No 3 SAPS,Periodical Court,No, 26.40366;  -30.55931,No,Goedemoed,Free State,No,No,,051 663 0536,051 663 0291
273 Voortrekker Street (c/o Voortrekker & Molteno) Goodwood 7460,Magistrate Court,Yes, 18.56515;  -33.90897,No,Goodwood,Western Cape,No,Yes,,021 592 4064,021 591 3171/ 3172 /3174
26 Church Street Graaff-Reinet 6280,Magistrate Court,Yes,-32.25166 24.5353,No,Graaff-Reinet,Eastern Cape,No,Yes,,049 892 2377,049 892 2263
31 Main Road Grabouw 7160,Detached Court,No, 19.01825;  -34.15382,No,Grabouw,Western Cape,No,Yes,,021 859 1675,021 859 3661/ 4461
19 Monument Avenue Graskop 1270,Branch Court,No,-24.93434; 30.83992,No,Graskop,Mpumalanga,No,Yes (Sessions Only),,013 767 1221 Tel/Fax,013 767 1221
1 Hardekool Street Gravelotte,Periodical Court,No,-23.95181; 30.61314,No,Gravelotte,Limpopo,No,Yes (Sessions Only),,015 781 1819,015 781 2731
113 Lang Street Great Brak River ,Periodical Court,No, 22.21892;  -34.05467,No,Great Brak River,Western Cape,No,No,,044 693 2891,044 693 3113/ 3140/ 3056
55 Bell (c/o Bell & Pine) Street Greytown 3250,Magistrate Court,Yes,-29.06085 30.59394,No,Greytown,KwaZulu-Natal,No,Yes,,033 413 1122,033 413 1122/3
19 Hoof Street Griquatown 8365,Magistrate Court,Yes,-28.84843; 23.25136,No,Griekwastad,Northern Cape,No,Yes,,053 343 0531,053 343 0007
13 Taute Street (cnr Taute & Van Riebeeck Str) Groblersdal 0470,Magistrate Court,Yes,-25.16838; 29.39426,Yes,Groblersdal,Limpopo,Yes,Yes,,013 262 3000,013 262 2033/ 34
1 Main Road Groblershoop 8850,Detached Court,Yes,-28.89337; 21.98279,No,Groblershoop,Northern Cape,No,Yes,,054 833 0431,054 833 0140/0430
86 Voortrekker Street Next to Groot Marico SAPS,Detached Court,No,-25.59915; 26.41841,No,Groot Marico,North West,No,Yes,,014 503 0094,014 503 0016
n/a,Branch Court,No, 18.5951;  -33.9929,No,Guguletu Community Court,Western Cape,No,No,,021 762 7842,021 799 1800
Rush Street Haenertsburg,Periodical Court,No,-23.94078; 29.94045,No,Haenertsburg,Limpopo,No,No,,015 294 6074,015 294 6000
SAPS Makuya Mthiphu Street on the R523 HaMakuya,Periodical Court,No,-22.65219; 30.8274,No,HaMakuya,Limpopo,No,No,,015 962 5566,015 962 5550
Phillip Street Hankey 6350,Magistrate Court,Yes,-33.83365 24.88429,No,Hankey,Eastern Cape,No,Yes,,042 284 0093,042 284 0303
1 Church Street Hanover 7005,Magistrate Court,Yes,-31.06662; 24.44278,No,Hanover,Northern Cape,No,Yes,,053 643 0605,053 643 0001
Main Road Harding 4680,Magistrate Court,Yes,-30.57632 29.88255,No,Harding,KwaZulu-Natal,No,Yes,,039 433 1900,039 433 1009
39 Southey Street Harrismith 9880,Magistrate Court,Yes, 29.12825;  -28.26868,No,Harrismith,Free State,No,Yes,,058 623 0669,058 623 0627
Cnr Van Velden & Court Street Brits 0250,Periodical Court,No,-25.634779; 27.779294,No,Hartbeestpoort Dam,North West,No,No,,012 252 3223,012 252 3223
c/o Du Toit Street and Voortrekker Street Hartebeesfontein ,Periodical Court,No,-26.75795; 26.42585,No,Harteeesfontein,North West,No,No,,018 462 4275,018 464 9200 018 464 9211
c/o Jan Viljoen & Strydom Street Hartswater 8570,Magistrate Court,Yes,-27.75307; 24.80513,No,Hartswater,Northern Cape,No,Yes,,053 474 0941,053 474 0922
Cnr Burnette & Park Street Hatfield 0083,Branch Court,No,-25.75026; 28.22885,No,Hatfield,Gauteng,No,No,,012 342 9961,012 342 0059/ 012 319 4136 (PTA)
Near SAPS Stand 16 Chief Mgiyeni Khumalo Drive\xa0White River 1240,Branch Court,No,-25.046119; 31.128727,No,Hazyview,Mpumalanga,No,No,,013 750 0426,013 751 1147/8
62 Begeman & Ueckerman Street Heidelberg 1438,Magistrate Court,Yes,-26.49941; 28.35462,Yes,Heidelberg [GP,Gauteng,No,Yes,,016 349 6386,016 349 1930-3/ 6655
52 Van Riebeeck Street Heidelberg 6665,Magistrate Court,Yes, 20.95606;  -34.08918,No,Heidelberg [WC,Western Cape,No,Yes,,028 722 2374,028 722 1927/2874
32 Els Street Heilbron 9650,Magistrate Court,Yes, 27.96705;  -27.28347,No,Heilbron,Free State,No,Yes,,058 852 1504,058 852 2004
35 Church Street Hendrina 1095,Branch Court,No,-26.16026; 29.71638,No,Hendrina,Mpumalanga,No,Yes (Sessions Only),,013 293 0521,013 293 0054
3 Botha Street Hennenman 9445,Magistrate Court,Yes, 27.02596;  -27.97909,No,Hennenman,Free State,No,Yes,,057 573 2447,057 573 1137
63 Main Road Hermanus 7200,Magistrate Court,Yes, 19.23684;  -34.41911,No,Hermanus,Western Cape,No,Yes,,028 313 1034,028 312 3713
10 Strauss Street Hertzogville 9482,Periodical Court,No, 25.50411;  -28.12734,No,Hertzogville,Free State,No,Yes (Sessions Only),,053 421 9016,053 421 9016
n/a,Periodical Court,No,-26.29345; 23.17933,No,Heunigvlei,Northern Cape,No,No,,053 773 1502/1156,053 773 1868/ 1869/ 1307/ 1550
11 Minerva Cresent Hibberdene,Periodical Court,No,-30.57749 30.57074,No,Hibberdene,KwaZulu-Natal,No,No,,039 978 3258,039 978 9400
Main Road Highflats,Periodical Court,No,-30.25927 30.19244,No,Highflats,KwaZulu-Natal,No,No,,See Ixopo,See Ixopo
c/o 32 Sam Hancock & Queen Street Hillbrow 2038,Branch Court,No,-26.18722; 28.04465,No,Hillbrow,Gauteng,No,No,,011 642 2025 /0865071283,011 642 4441/2
5 George Street Himeville 3256,Magistrate Court,Yes,-29.74987 29.51315,No,Himeville,KwaZulu-Natal,No,Yes,,033 702 1430,033 702 1303
Lot 318 Saunders Street Hlabisa 3937,Branch Court,No,-28.14621 31.87622,No,Hlabisa,KwaZulu-Natal,No,No,,035 838 1179/1027,035 838 1022/3/4
Bulamain Road Polela Centre Hlanganani Establishment Hlanganani 3244,Magistrate Court,Yes,-29.76427 29.85464,No,Hlanganani [KZN,KwaZulu-Natal,No,Yes,,039 832 9461,039 832 0032
n/a,Periodical Court,No,-27.73714 31.00981,No,Hlobane,KwaZulu-Natal,No,No,,034 980 9203,034 981 4911/4912/9809
Old Main Road Hluhluwe,Periodical Court,No,-28.01969 32.2681,No,Hluhluwe,KwaZulu-Natal,No,No,,035 550 1526,035 550 0065
27 Muller Street Hobhouse 9740,Periodical Court,No, 27.14363;  -29.52988,No,Hobhouse,Free State,No,Yes (Sessions Only),,051 983 0031,051 983 0110
c/o Moose and Ohrigstad Street (R527) Hoedspruit,Branch Court,No,-24.35398; 30.951,No,Hoedspruit,Limpopo,No,Yes (Sessions Only),,015 781 1819,015 781 2731
Voortrekker Street Hofmeyr 5930,Magistrate Court,Yes,-31.65331 25.8038,No,Hofmeyr,Eastern Cape,No,Yes,,048 885 0288 Tel/Fax,048 885 0007
12 Van Zyl Street Hoopstad 9479,Magistrate Court,Yes, 25.90564;  -27.83609,No,Hoopstad,Free State,No,Yes,,053 444 1743,053 444 1882
24 Voortrekker Road Hopefield 7355,Magistrate Court,Yes, 18.35107;  -33.06274,No,Hopefield,Western Cape,No,Yes,,022 723 1522/0866445110,022 723 0506
1 Cathcart Street Hopetown 8750,Magistrate Court,Yes,-29.62108; 24.08467,No,Hopetown,Northern Cape,No,Yes,,053 203 0453,053 203 0000
Morling Street Howick 3290,Magistrate Court,Yes,-29.48788 30.23121,No,Howick,KwaZulu-Natal,No,Yes,,033 330 7155,033 330 2117/ 083 658 4359
Du Plessis Street Humansdorp 6300,Magistrate Court,Yes,-34.02845 24.77217,No,Humansdorp,Eastern Cape,No,Yes,,042 291 0732,042 291 0259
SAPS Ikageng Cnr Lekhele & Mogosti Street Potchefstroom,Branch Court,No,-26.719846; 27.062409,No,Ikageng,North West,No,No,,See Potchefstroom,See Potchefstroom
23 Mafahlane Road Impendle 3227,Magistrate Court,Yes,-29.5986 29.86721,No,Impendle,KwaZulu-Natal,No,Yes,,033 996 0462,033 996 0604/0015
23 Voortrekker Street Indwe 5445,Magistrate Court,Yes,-31.46951 27.33987,No,Indwe,Eastern Cape,No,Yes,,045 952 1132,045 952 1014
Main Road Ingwavuma 3968,Magistrate Court,Yes,-27.13309 31.99677,No,Ingwavuma,KwaZulu-Natal,No,Yes,,035 591 0071,035 591 0105/6
King Dinuzulu Township Iknayezi Street Eshowe 3815,Branch Court,No,-28.8899 31.49991,No,Inkanyezi,KwaZulu-Natal,No,No,,035 474 4745,035 474 2171/2
n/a,Periodical Court,No,-30.14829 29.57996,No,Insikeni,KwaZulu-Natal,No,No,,,See Umzimkulu
n/a,Periodical Court,No,-29.0798 31.46347,No,Inyono,KwaZulu-Natal,No,No,,035 340 1253,035 340 1415
2338 Ramaboa Street Zone 3 Itsoseng 2744,Detached Court,Yes,-26.50452; 25.37035,No,Itsoseng,North West,No,Yes,,018 338 2308,018 338 0100
52 Margaret Street Ixopo 3276,Magistrate Court,Yes,-30.15172 30.05952,No,Ixopo,KwaZulu-Natal,No,Yes,,039 834 1960,039 834 2017/8; 834 2173/4/5
Main Road Izingolweni 4260,Branch Court,No,-30.78542 30.12891,No,Izingolweni,KwaZulu-Natal,No,No,,039 534 1168,039 534 1100
6 Andries Pretorius Street Jacobsdal 8710,Magistrate Court,Yes, 24.77447;  -29.13057,No,Jacobsdal,Free State,No,Yes,,053 591 0554 / 0866447672,053 591 0034
12 Klooster Convent Street Jagersfontein 9974,Magistrate Court,Yes, 25.42807;  -29.75943,No,Jagersfontein,Free State,No,Yes,,051 723 0103,051 724 0002
Aliwal Road  Jamestown 9742,Periodical Court,No,-31.1203 26.81013,No,Jamestown,Eastern Cape,No,Yes (Sessions Only),,051 641 0931,051 641 0712
2 Piet Retief Street Jan Kempdorp 8550,Detached Court,Yes,-27.9164; 24.83714,No,Jan Kempdorp,Northern Cape,No,Yes,,053 456 0051,053 456 0361
46 Main Street Jansenville 6265,Magistrate Court,Yes,-32.9459 24.66629,No,Jansenville,Eastern Cape,No,Yes,,049 836 0260,049 836 0012
225 Market Street Jeppestown 2043,Branch Court,No,-26.20242; 28.06043,No,Jeppe,Gauteng,No,No,,011 614 5622,011 618 4516
1874 Vuka Section Jericho,Periodical Court,No,-25.34307; 27.81429,No,Jericho,North West,No,No,,012 703 2223/3189,012 700 8255
26 Fox Street (Cnr Fox & West Street) Johannesburg 2000,Magistrate Court,Yes,-26.20798; 28.03468,Yes,Johannesburg,Gauteng,Yes,Yes,,011 834 1222 /011 836 0671 Family Court,011 491 5000 / 011 639 0301 Family Court
8 Van Riebeeck Street Joubertina 5235,Magistrate Court,Yes,-33.82494 23.85433,No,Joubertina,Eastern Cape,No,Yes,,042 273 1128,042 273 1306
Stand 1212 Kabokweni 1245,Magistrate Court,Yes,-25.347; 31.12391,No,Kabokweni,Mpumalanga,No,Yes,,013 796 0881/ 0865077652,013 796 0261
23 Kagiso Avenue Krugersdorp 1739,Detached Court,Yes,-26.15126; 27.78797,Yes,Kagiso,Gauteng,No,Yes,,011 410 0552,011 410 1485
26 Voortrekker Street Kakamas 8870,Detached Court,Yes,-28.77405; 20.62247,No,Kakamas,Northern Cape,No,Yes,,054 431 1306,054 431 0705
Cnr Cobra & Wasp Street Kanyamazane,Branch Court,No,-25.46513; 31.18456,No,Kanyamazane,Mpumalanga,No,No,,013 796 0881/ 0865077652,013 796 0261
13 Eendracht Street,Periodical Court,No,-33.95385 24.29437,No,Kareedouw,Eastern Cape,No,Yes (Sessions Only),,,See Humansdorp
Hendrik van Eck Road Kathu 8446,Detached Court,Yes,-27.69962; 23.04522,No,Kathu,Northern Cape,Yes,Yes,,053 723 3223,053 723 3221
Main Street (R349),Periodical Court,No,-32.67945 28.37483,No,Kei Mouth,Eastern Cape,No,No,,,See Komga
42 Main Street Keimoes 8860,Detached Court,Yes,-28.70675; 20.96795,No,Keimoes,Northern Cape,No,Yes,,054 461 1582,054 461 1221
Cemetery Avenue  Keiskammahoek 5670,Magistrate Court,Yes,-32.67995 27.14602,No,Keiskammahoek,Eastern Cape,No,Yes,,040 658 0395,040 658 0204
17 Monument Road Kempton Park 1620,Magistrate Court,Yes,-26.10212; 28.2326,Yes,Kempton Park,Gauteng,No,Yes,,011 394 2507,011 395 6300
Brussel Street Kenhardt 8900,Magistrate Court,Yes,-29.34709; 21.15304,No,Kenhardt,Northern Cape,No,Yes,,054 651 0232,054 651 0024
Oettle Street,Periodical Court,No,-33.68039 26.66733,No,Kenton on Sea,Eastern Cape,No,No,,,See Port Alfred
53 Van Rensburg Street Kestell 9860,Periodical Court,No, 28.70317;  -28.31196,No,Kestell,Free State,No,No,,058 653 1680,058 653 1116
Cnr Kgosi Mampuru & Klawer Street Pretoria 001,Branch Court,No,-25.76048; 28.1814,No,Kgosi Mampuru,Gauteng,No,No,,012 328 6546,012 319 4000
c/o Steve Biko & Walter Sisulu Street Khayelitsha 7784,Detached Court,Yes, 18.67645;  -34.04751,No,Khayelitsha,Western Cape,No,Yes,,021 360 1412,021 360 1400
01 Sompane Street Next to Khutsong Police Station,Branch Court,No,-26.34324; 27.33109,No,Khutsong,Gauteng,No,No,,018 783 2938 Police Station,018 783 2609
c/o Knight & Stead Street Kimberley 8300,Magistrate Court,Yes,-28.73665; 24.76609,No,Kimberley,Northern Cape,Yes,Yes,,053 833 2576/ 832 7404,053 807 0600 / 073-1133360
117 Alexandra Road King Williams town 5600,Magistrate Court,Yes,-32.87222 27.38756,No,King William’s Town,Eastern Cape,No,Yes,,043 642 1015,043 642 3548
R72 (N2 from Grahamstown to PE),Periodical Court,No,-33.64668 25.87832,No,Kinkelbos,Eastern Cape,No,No,,,See Alexandria
Middle Street Kirkwood 6120,Magistrate Court,Yes,-33.39882 25.44366,No,Kirkwood,Eastern Cape,No,Yes,,042 230 0576,042 230 0313
25 Niewoudt Street Klawer,Periodical Court,No, 18.62488;  -31.77277,No,Klawer,Western Cape,No,No,,027 219 1563,027 219 1002
27 OR Tambo Street Klerksdorp 2570,Magistrate Court,Yes,-26.86611; 26.66495,Yes,Klerksdorp,North West,Yes,Yes,,018 462 4275,018 464 9200 018 464 9211
N14 Krugersdorp and Ventersdorp Klerkskraal,Periodical Court,No,-26.25171; 27.1634,No,Klerkskraal,North West,No,No,,018 264 2404,018 264 2036/7
Next to SAPS R338,Periodical Court,No,-33.02154 24.33272,No,Klipplaat,Eastern Cape,No,Yes (Sessions Only),,,See Jansenville
49 Beacon Road Kliptown 1812,Branch Court,No,-26.28322; 27.8874,Yes,Kliptown,Gauteng,No,Yes (Sessions Only),,011 945 6381,011 945 1164
11 Main Street Knysna 6570,Magistrate Court,Yes, 23.0523;  -34.03638,No,Knysna,Western Cape,No,Yes,,044 382 2708,044 382 1141/ 2/3
6 Hampden Street Koffiefontein 9986,Magistrate Court,Yes, 25.00256;  -29.40947,No,Koffiefontein,Free State,Yes,Yes,,053 205 0042,053 205 0002
5 Barker Street Kokstad 4700,Magistrate Court,Yes,-30.55084 29.4257,No,Kokstad,KwaZulu-Natal,No,Yes,,039 727 1642,039 727 2010/ 2011
SAPS Blinkpan,Periodical Court,No,-26.09934; 29.45108,No,Komati,Mpumalanga,No,No,,013 282 5377,013 283 7500
09 Louw Street near SAPS Komatipoort,Periodical Court,No,-25.43561; 31.95529,No,Komatipoort,Mpumalanga,No,Yes,,013 712 5122,013 712 2104/ 3284/ 3267
1 Government Avenue Komga 4950,Magistrate Court,Yes,-32.5758 27.89227,No,Komga,Eastern Cape,No,Yes,,043 831 1281,043 831 1019
Church Street Koppies 9540,Magistrate Court,Yes, 27.57517;  -27.24207,No,Koppies,Free State,No,Yes,,056 777 2578,056 777 1814
46 Malan Street Koster 0348,Magistrate Court,Yes,-25.86492; 26.89701,No,Koster,North West,No,Yes,,014 543 4880,014 543 2024/2357
1 Main Street Kranskop 3268,Magistrate Court,Yes,-28.96662 30.86266,No,Kranskop,KwaZulu-Natal,No,Yes,,033 444 1330,033 444 1603
Cnr Mark & Murray Street Kroonstad 9500,Magistrate Court,Yes, 27.2333;  -27.66915,No,Kroonstad,Free State,No,Yes,,056 212 6706,056 212 4161
cnr  Commissioner and Biccard Streets Krugersdorp 1739,Magistrate Court,Yes,-26.0992; 27.7673,Yes,Krugersdorp,Gauteng,No,Yes,,011 665 5013,011 660 3711/3
1269 Mothibi Road Kudumane 8474,Magistrate Court,Yes,-27.455252; 23.433864,No,Kudumane,Northern Cape,No,Yes,,053 773 1502/1156,053 773 1868/ 1869/ 1307/ 1550
122 Van Riebeeck Avenue Kuils River 7580,Magistrate Court,Yes, 18.68291;  -33.93266,No,Kuilsriver,Western Cape,No,Yes,,n/a,021 903 7902
Ben Malan Street Kuruman 8460,Magistrate Court,Yes,-27.45474; 23.43381,No,Kuruman,Northern Cape,No,Yes,,053 712 2021,053 712 1081
Gobede Street Kwa Thema 1575,Branch Court,No,-26.27947; 28.3952,No,Kwa Thema,Gauteng,No,No,,011 811 2296,011 736 4406
Pononotini Street,Branch Court,No,-33.80843 25.39546,No,Kwa-Nobuhle,Eastern Cape,No,No,,,See Uitenhage
n/a,Periodical Court,No,-31.91916 28.9781,No,Kwaaiman,Eastern Cape,No,No,,,See Mqanduli
127 King Shaka Street KwaDukuza\xa0 4450,Magistrate Court,Yes,-29.338 31.29044,No,KwaDukuza,KwaZulu-Natal,No,Yes,,032 552 1656,032 551 1201
106C Kwaggafontein Empumalanga 0458,Magistrate Court,Yes,-25.31087; 28.94654,No,Kwaggafontein,Mpumalanga,No,Yes,,013 986 0598,013 986 0131/2
1137 Ntombela Road KwaMashu,Branch Court,No,-29.73654 31.00064,No,KwaMashu,KwaZulu-Natal,No,No,,See Ntuzuma BC,See Ntuzuma BC
Nr 37 Section BA Kwamhlanga 1022,Magistrate Court,Yes,-25.43336; 28.71456,Yes,KwaMhlanga,Mpumalanga,No,Yes,,013 947 3490,013 947 2363/4
Mfundo Street KwamSane Mtubatuba 3935,Branch Court,No,-28.43328 32.13836,No,KwaMsane,KwaZulu-Natal,No,No,,035 551 1467,035 551 1060/1832/1833
Main Street Kwanbonambi,Periodical Court,No,-28.59909 32.08577,No,Kwambonambi,KwaZulu-Natal,No,No,,035 792 2527,035 772 1711/2/3
Main Road Kwangwanase 3973,Periodical Court,No,-26.99695 32.74401,No,Kwangwanase,KwaZulu-Natal,No,Yes (Sessions Only),,035 592 0493,035 592 0119
c/o Jameson & Van Zyl Street Laaiplek 7365,Branch Court,No, 18.15675;  -32.77114,No,Laaiplek,Western Cape,No,No,,022 783 0829,022 783 0090
57 Queen Street Ladismith 6655,Magistrate Court,Yes, 21.26777;  -33.49465,No,Ladismith,Western Cape,No,Yes,,028 551 1168,028 551 1009/ 1019
40 Indwe Road Lady Frere 5410,Magistrate Court,Yes,-31.70163 27.23712,No,Lady Frere,Eastern Cape,No,Yes,,047 878 0017,047 878 0011
19 Martin Street Lady Grey 9755,Magistrate Court,Yes,-30.71058 27.21532,No,Lady Grey,Eastern Cape,No,Yes,,051 603 3019,051 603 0024
21 Church Street Ladybrand 9745,Magistrate Court,Yes, 27.45637;  -29.19637,No,Ladybrand,Free State,No,Yes,,051 924 2474,051 924 3210
16 Keate Street Ladysmith 3370,Magistrate Court,Yes,-28.55916 29.77898,No,Ladysmith,KwaZulu-Natal,No,Yes,,036 631 0498,036 637 6771
SAPS Laersdrif ,Periodical Court,No,-25.36766; 29.85622,No,Laersdrift,Mpumalanga,No,No,,013 282 5377,013 283 7500
54 Station Street Laingsburg 6900,Magistrate Court,Yes, 20.85924;  -33.19728,No,Laingsburg,Western Cape,No,Yes,,023 551 1296,023 551 1010/ 1481
Voortrekker Street Lamberts Bay,Periodical Court,No, 18.30544;  -32.09259,No,Lamberts Bay,Western Cape,No,No,,027 482 2412,027 482 2114/5
7 Antonio Steni Street Langebaan ,Periodical Court,No, 18.03574;  -33.08286,No,Langebaan,Western Cape,No,No,,022 723 1522/0866445110,022 723 0506
Mbeki StreetLeboeng Village,Periodical Court,No,-24.50923; 30.64792,No,Leboeng,Limpopo,No,No,,013 216 1730,013 216 1091
Next to Mabhori Shopping Centre Chuenespoort 0737,Magistrate Court,Yes,-24.32035; 29.47842,Yes,Lebowakgomo,Limpopo,No,Yes,,015 633 7178,015 633 2600
n/a,Periodical Court,No, 21.9688;  -32.7661,No,Leeu-Gamka,Western Cape,No,No,,023 541 1955,023 541 1450/ 1831
2520 AP Moloto Street Lehurutshe,Magistrate Court,Yes,-25.49137; 25.98336,No,Lehurutshe,North West,No,Yes,,018 363 3387,018 363 5600/1/2/3/4
2 Station Place (Cnr Station & Nirvana Drive) Lenasia 1821,Branch Court,No,-26.31784; 27.82435,No,Lenasia,Gauteng,No,Yes (Sessions Only),,865074817,011 854 1305
Cnr Magistrate & Police Street Lenyenye 0857,Magistrate Court,Yes,-23.97211; 30.27002,No,Lenyenye,Limpopo,No,Yes,,015 355 3463,015 355 3414/5/6
2 Park Avenue Lephalale 0555,Magistrate Court,Yes,-23.67796; 27.73573,Yes,Lephalale,Limpopo,Yes,Yes,,014 763 3840,014 763 2178 / 763 1047
c/o Norda & Diaz Street SAPS Leslie,Periodical Court,No,-26.36962; 28.92187,No,Leslie,Mpumalanga,No,No,,017 632 2835,017 632 2204
Joubert Street Letsitele,Periodical Court,No,-23.89401; 30.39273,No,Letsitele,Limpopo,No,No,,015 307 4163,015 307 3770
Main RoadSAPS  Levubu,Periodical Court,No,-23.09212; 30.27622,No,Levubu,Limpopo,No,No,,015 516 0044,015 516 0181/2/3
Main Street (R61) Libode 5160,Magistrate Court,Yes,-31.54138 29.01547,No,Libode,Eastern Cape,No,Yes,,047 555 0101,047 555 0002
Landdros Maartens Avenue Lichtenburg 2740,Magistrate Court,Yes,-26.15958; 26.1506,Yes,Lichtenburg,North West,No,Yes,,018 632 3619,018 632 7900
Sentraal Weg Lime Acres,Periodical Court,No,-28.35899; 23.52476,No,Lime Acres,Northern Cape,No,Yes (Sessions Only),,053 313 2580,053 313 1155
20 Church Street Lindley 9630,Magistrate Court,Yes, 27.92125;  -27.88119,No,Lindley,Free State,No,Yes,,058 463 0615,058 463 0012 / 0083
Government Street SAPS Loeriesfontein,Periodical Court,No,-30.95631; 19.449,No,Loeriesfontein,Northern Cape,No,Yes (Sessions Only),,027 341 1483,027 341 1017/ 2920
11 Long Street Kempton Park 1620,Branch Court,No,-26.103781; 28.229819,No,Long Street,Gauteng,No,No,,011 970 1437,011 921 2606
No 1 Main Street Lothair,Periodical Court,No,-26.39039; 30.44042,No,Lothair,Mpumalanga,No,No,,017 819 2735,017 819 3462/ 63/66
103 Munnik Street Louis Trichardt 0920,Magistrate Court,Yes,-23.03811; 29.90637,Yes,Louis Trichardt,Limpopo,No,Yes,,015 516 0044,015 516 0181/2/3
Cnr King & Avenue Street Louwsburg 3150,Magistrate Court,Yes,-27.57725 31.28145,No,Louwsburg,KwaZulu-Natal,No,Yes,,034 907 5901,034 907 5015
"""SAPS Lows Creek\",Periodical Court,No,-25.64453; 31.29336,No,Low’s Creek,Mpumalanga,No,No,,013 712 5122,013 712 2104/ 3284/ 3267
Kerk Street Loxton,Periodical Court,No,-31.47715; 22.3501,No,Loxton,Northern Cape,No,Yes (Sessions Only),,053 621 0866,053 621 0007
cnr - Voortrekker and Fourie Steet,Periodical Court,No, 24.78775;  -29.75082,No,Luckhoff,Free State,No,No,,051 723 0103,051 723 0002
Chris Hani Street Lulekani 1392,Magistrate Court,Yes,-23.86722; 31.08087,No,Lulekani,Limpopo,No,Yes,,015 783 0620,015 783 0151/2
c/o Stanford & Main Street Lusikisiki 4820,Magistrate Court,Yes,-31.3646 29.57209,No,Lusikisiki,Eastern Cape,No,Yes,,039 253 1125,039 253 1512
Matzikama Street Lutzville,Periodical Court,No, 18.3448;  -31.55888,No,Lutzville,Western Cape,No,No,,027 213 4823,027 213 2010
n/a,Periodical Court,No,-24.99109; 30.23391,No,Maartenshoop,Mpumalanga,No,No,,013 235 3411,013 235 2325/6/7
Royal Road  Maclear 5480,Magistrate Court,Yes,-31.06629 28.34554,No,Maclear,Eastern Cape,No,Yes,,045 932 1429,045 932 1012
2583 Section 2 Next to Madadeni SAPS Madadeni 2951,Detached Court,Yes,-27.76073 30.02837,No,Madadeni,KwaZulu-Natal,Yes,Yes,,034 314 1102,034 329 7500
2 Mogakari Street Madikwe 2840,Detached Court,Yes,-25.35227; 26.52444,No,Madikwe,North West,No,Yes,,014 553 2733,014 553 2033/2538
5 Koster Road Magaliesburg,Periodical Court,No,-25.99804; 27.53917,No,Magaliesburg,Gauteng,No,No,,011 665 5013,011 660 3711-3
Area 7 Magatle Main Road Next to SAPS Magatle ,Branch Court,No,-24.45589; 29.41136,No,Magatle,Limpopo,No,Yes (Sessions Only),,015 483 0302 Tel/Fax,015 483 0302/3
Main Street Magudu 3170,Periodical Court,No,-27.53354 31.64893,No,Magudu,KwaZulu-Natal,No,No,,034 414 1303/ 907 5901,034 414 1011
Mahamba Border Post Mahamba,Periodical Court,No,-27.10485; 31.06845,No,Mahamba,Mpumalanga,No,No,,017 826 2085 Tel/Fax,017 826 2085
Mashona Main Road Mahlabatini 3865,Magistrate Court,Yes,-28.235 31.46825,No,Mahlabatini,KwaZulu-Natal,No,Yes,,035 873 0108,035 873 0101/2
Hospital Street Mokopane 0600,Magistrate Court,Yes,-24.15216; 28.98316,Yes,Mahwelereng,Limpopo,Yes,Yes,,015 483 0302 Tel/Fax,015 483 0302/3
Next to the Police Station Makgobistadt,Periodical Court,No,-25.75749; 25.10491,No,Makgobistad,North West,No,No,,018 384 3594,018 387 8000
119A High Street  Grahamstown 6140,Magistrate Court,Yes,-33.31116 26.52384,No,Makhanda,Eastern Cape,No,Yes,,046 622 5543,046 622 7303
Next to Makwane Police Station Witsieshoek 9870,Detached Court,No, 28.88083;  -28.53359,No,Makwane,Free State,No,Yes,,058 710 7123,058 710 1027 / 1446
Police Hospital Road Malamulele 0982,Magistrate Court,Yes,-23.00506; 30.6887,No,Malamulele,Limpopo,No,Yes,,015 851 1357,015 851 0022/3/4
57 Imbane Circle Malelane,Periodical Court,No,-25.49439; 31.51089,No,Malelane,Mpumalanga,No,No,,013 712 5122,013 712 2104/ 3284/ 3267
Next to Malipsdrift SAPS,Periodical Court,No,-24.17487; 30.00271,No,Malipsdrift,Limpopo,No,Yes (Sessions Only),,015 633 7177/8,015 633 7160/ 1/2/3/4
1 Piet Retief Street Malmesbury 7300,Magistrate Court,Yes, 18.72991;  -33.4604,No,Malmesbury,Western Cape,No,Yes,,022 482 4307,022 482 1121/ 1166/ 1141
138 Police Station Road Maluti 4740,Magistrate Court,Yes,-30.26287 28.78665,No,Maluti,Eastern Cape,No,Yes,,039 256 0616,039 256 0101
20 Shabangu Ave Pretoria 0122 ,Detached Court,No,-25.71432; 28.34785,No,Mamelodi,Gauteng,No,Yes,,012 805 1878,012 805 4001/8282
934 Unit 1\xa0 Shopping Complex  Mogwase 0314,Magistrate Court,Yes,-25.27177; 27.2379,Yes,Mankwe,North West,Yes,Yes,,014 555 5804,014 555 5800
1057 Unit C Mankweng Sovenga 0727,Magistrate Court,Yes,-23.88197; 29.70164,No,Mankweng,Limpopo,Yes,Yes,,015 267 1063,015 286 2200
N1 Mantsole Taffic Control Pienaarsrivier,Periodical Court,No,-25.13319; 28.30846,No,Mantsole Traffic Control Centre,Limpopo,No,No,,014 736 5210/0865075648,014 736 2231
R47 Main Road Mapumulo 4470,Magistrate Court,Yes,-29.1585 31.0657,No,Mapumulo,KwaZulu-Natal,No,Yes,,032 481 2044,032 481 2001
SAPS  Mara,Periodical Court,No,-23.09121; 29.39328,No,Mara,Limpopo,No,No,,015 516 0044,015 516 0181/2/3
Neu-Halle Section Marapyane ,Periodical Court,No,-25.01279; 28.80465,No,Marapyane,Mpumalanga,No,No,,012 717 5366,012 717 2179/ 3364/ 3527/ 3528
147 Marble East Next to SAPS Marble Hall,Periodical Court,No,-24.96947; 29.2972,No,Marble Hall,Limpopo,No,No,,013 262 3000,013 262 2033/34
Marikana Police Station,Periodical Court,No,-25.70469; 27.48588,No,Marikana,North West,No,No,,014 592 9853/0191,014 597 9400
6 Church Street Marquard 9610,Magistrate Court,Yes, 27.42927;  -28.66441,No,Marquard,Free State,No,Yes,,051 991 1202,051 991 0751
12 Cnr Connan & Van Wyk Street Marydale,Periodical Court,No,-29.40617; 22.10617,No,Marydale,Northern Cape,No,Yes (Sessions Only),,053 353 2092,053 353 1105
c/o Voortrekker & De Clercq Street Mashishing 1120,Magistrate Court,Yes,-25.09255; 30.44766,No,Mashishing,Mpumalanga,No,Yes,,013 235 3411,013 235 2325/6/7
Next to SAPS Masisi,Periodical Court,No,-22.4217; 30.86348,No,Masisi,Limpopo,No,No,,015 967 0085,015 967 0045/0038/ 0077
Next to SAPS Masoyi,Branch Court,No,-25.16311; 31.11477,No,Masoyi,Mpumalanga,Yes,No,,013 796 0881/ 0865077652,013 796 0261
101 Main Road Matatiele 4730,Branch Court,No,-30.34352 28.80728,No,Matatiele,Eastern Cape,No,Yes (Sessions Only),,039 737 3026,039 737 3127
Cnr Madiba & Khodesa Street Matsulu,Periodical Court,No,-25.51831; 31.35247,No,Matsulu,Mpumalanga,No,No,,013 796 0881/ 0865077652,013 796 0261
At Home Affaris Building,Branch Court,No,-26.29966; 30.77571,No,Mayflower,Mpumalanga,No,No,,017 883 1283,017 883 0802/ 0803/0798
n/a,Periodical Court,No,-27.48021 32.59889,No,Mbazwana,KwaZulu-Natal,No,No,,035 595 1165,035 595 1002
22  Bester Street Nelspruit 1200,Magistrate Court,Yes,-25.46947; 30.97802,Yes,Mbombela,Mpumalanga,No,Yes,,013 755 4077/1629,013 753 6200/99
,Periodical Court,,,No,McGregor,Western Cape,No,,,,See Robertson
Mazawule N1 Mdantsane 5219,Magistrate Court,Yes,-32.94862 27.77567,No,Mdantsane,Eastern Cape,No,Yes,,043 761 6651,043-7085000
Heckroodt Cir Meadowlands East 1852,Branch Court,No,-26.22093; 27.89793,No,Meadowlands,Gauteng,No,Yes (Sessions Only),,011 536 2382,011 536 0555
R37 SAPS Moroke,Branch Court,No,-24.38702; 30.07393,No,Mecklenburg,Limpopo,No,No,,013 216 1730,013 216 1091
25 Reinhold Street Melmoth 3835,Magistrate Court,Yes,-28.59116 31.40119,No,Melmoth,KwaZulu-Natal,No,Yes,,035 450 3002,035 450 2094/2007
6 Knipe Street Memel 2970,Periodical Court,No, 29.56714;  -27.68146,No,Memel,Free State,No,Yes,,058 924 0266,058 924 0001
Voortrekker Street Merweville,Periodical Court,No, 21.51898;  -32.66249,No,Merweville,Western Cape,No,No,,023 414 4658,023 415 1787
Cnr Fenton & Kruger Street Meyerton\xa01960,Magistrate Court,No,-26.555253; 28.014649,No,Meyerton,Gauteng,No,Yes,,016 362 3514,016 362 0403
Main Road Mid-Illovo,Periodical Court,No,-29.97061 30.50502,No,Mid-Illovo,KwaZulu-Natal,No,No,,033 212 2790,033 212 2114/2115
40 Loop Street Middelburg 5900,Magistrate Court,Yes,-31.49658 25.00436,No,Middelburg [EC,Eastern Cape,No,Yes,,049 842 3423,049 842 1555
16 Dr Beyers Naude Street Middelburg 1050,Magistrate Court,Yes,-25.76177; 29.45718,Yes,Middelburg [MP,Mpumalanga,No,Yes,,013 282 5377,013 283 7500
Cnr Mangconde & Mkwayi Streets Middledrift 5685,Magistrate Court,Yes,-32.81942 26.98973,No,Middledrift,Eastern Cape,No,Yes,,040 657 3034,040 657 3005
Cnr old Pretoria Road & North Street Midrand,Branch Court,No,-25.99721; 28.12795,No,Midrand,Gauteng,No,No,,011 805 5044,011 805 1906
1st Avenue East Ridge Mitchells Plain 7785,Magistrate Court,Yes, 18.52404;  -34.0482,No,Mitchells Plain,Western Cape,Yes,Yes,,021 391 3063/ 392 5075,021 370 4200/ 4244
Calcutta Police Station Mkhuhlu,Branch Court,No,-24.98733; 31.24365,No,Mkhuhlu,Mpumalanga,No,Yes (Sessions Only),,013 773 0430,013 773 0431/0335
University Drive\xa0 Mmabatho 2735,Magistrate Court,Yes,-25.837015; 25.608403,Yes,Mmabatho,North West,Yes,Yes,,018 384 3594,018 387 8000
3 Stasie Street Modderrivier,Periodical Court,No,-29.03226; 24.62946,No,Modder River,Northern Cape,No,No,,053 833 2576/ 832 7404,053 839 9100
Cnr Van Emmenis & Dr J S Moroka Street Modimolle 0510,Magistrate Court,Yes,-24.70482; 28.40787,Yes,Modimolle,Limpopo,No,Yes,,014 717 5369,014 717 5316
Botha Street Modjadjiskloof,Periodical Court,No,-23.69583; 30.14495,No,Modjadjiskloof,Limpopo,No,No,,015 307 4163,015 307 3770
SAPS Mogwadi 182 Keerom Str Dendron,Branch Court,No,-23.36444; 29.32263,No,Mogwadi,Limpopo,No,No,,015 295 3286,015 294 6000
70 Hooge Street Mokopane 0600,Magistrate Court,Yes,-24.18494; 29.0152,No,Mokopane,Limpopo,No,Yes,,015 491 8111,015 491 2158
c/o Robinson & Smith Street Molteno 5500,Magistrate Court,Yes,-31.3973 26.36311,No,Molteno,Eastern Cape,No,Yes,,045 967 0069,045 967 0026
39 Piet Retief Street Montagu 6720,Magistrate Court,Yes, 20.12327;  -33.78516,No,Montagu,Western Cape,No,Yes,,023 614 3974,023 614 1105
15 Clogthon Terrace Mooi River 3300,Magistrate Court,Yes,-29.2124 29.99598,No,Mooi River,KwaZulu-Natal,No,Yes,,033 263 2761,033 263 1468/ 2767
Mooketsi Weigh Station Along the R81,Periodical Court,,-23.59492; 30.09923,No,Mooketsi Traffic Control Centre,Limpopo,No,,,015 383 9916,015 395 7901
47 5th Street Mookgophong 0560,Magistrate Court,No,-24.51813; 28.71221,No,Mookgophong,Limpopo,No,Yes,,014 743 0367,014 743 2217/8
7 Station Street Moorreesburg 7310,Magistrate Court,Yes, 18.66481;  -33.15311,No,Moorreesburg,Western Cape,No,Yes,,022 433 1488,022 433 1084/ 3406
R36 Uitspan Farm Doringboom Road Morebeng  0810,Magistrate Court,Yes,-23.49485; 29.93585,No,Morebeng,Limpopo,Yes,Yes,,015 874 0537,015 397 7200
199 De Jager Street Morgenzon 2315,Periodical Court,No,-26.73589; 29.61921,No,Morgenzon,Mpumalanga,No,Yes (Sessions Only),,017 793 3023,017 793 3013
Morokweng Heuningvlei Road Morokweng Village,Periodical Court,No,-26.13649; 23.77673,No,Morokweng,North West,No,No,,053 998 3302,053 998 3303
Louis Fourie Street Mossel Bay 6500,Magistrate Court,Yes, 22.11853;  -34.18425,No,Mossel Bay,Western Cape,No,Yes,,044 693 2891,044 693 3113/ 3140/ 3056
SAPS Motetema,Periodical Court,No,-25.09605; 29.46726,No,Motetema,Limpopo,No,No,,015 264 8225/ 0865073717,013 264 8201
10 Tynira street Motherwell,Detached Court,Yes,-33.79625 25.58361,No,Motherwell,Eastern Cape,No,Yes,,041 403 5697,041 403 5600
DP Moloto Street Lerato 2880,Periodical Court,No,-26.13649; 23.77673,No,Motswedi,North West,No,No,,018 363 3387,018 363 5600/1/2/3/4
67 Church Street Mount Ayliff 4735,Magistrate Court,Yes,-30.80725 29.36761,No,Mount Ayliff,Eastern Cape,No,Yes,,039 254 0003,039 254 0004
Main Street (on R56) Mount Fletcher 5510,Magistrate Court,Yes,-30.69286 28.50616,No,Mount Fletcher,Eastern Cape,No,Yes,,039 257 0060,039 257 0022
Main Street Mount Frere 5090,Magistrate Court,Yes,-30.90108 28.99232,No,Mount Frere,Eastern Cape,No,Yes,,039 255 0793,039 255 0251
1 Kelly Street Hammarsdale 3700,Branch Court,No,-29.79584 30.65598,No,Mpumalanga,KwaZulu-Natal,No,No,,031 736 3475,031 736 3471/2/3
68 Main Street Mqanduli 5080,Magistrate Court,Yes,-31.81968 28.76251,No,Mqanduli,Eastern Cape,No,Yes,,047 573 0104,047 573 0002
Tugela Ferry Village Main Road Msinga 3010,Magistrate Court,Yes,-28.74837 30.55507,No,Msinga,KwaZulu-Natal,No,Yes,,033 493 0030,033 493 0001/ 0005
Cnr Leeds & Owen Streets Umtata 50999,Magistrate Court,Yes,-31.59055 28.78765,No,Mthatha,Eastern Cape,No,Yes,,047 531 1704,047 531 1705/ 0538/ 1414
n/a,Periodical Court,No,-31.20763 29.7023,No,Mtontsasa,Eastern Cape,No,Yes (Sessions Only),,,See Lusikisiki
55E Old Riverview Road Mtubatuba 3935,Magistrate Court,Yes,-28.42036 32.18452,No,Mtubatuba,KwaZulu-Natal,No,Yes,,035 550 1526,035 550 0065
10 Hely\xa0Hutchinson Street Mtunzini 3867,Magistrate Court,Yes,-28.95224 31.75679,No,Mtunzini,KwaZulu-Natal,No,Yes,,035 340 1253,035 340 1415
Retief Street Weenen 3325,Periodical Court,No,-28.85307 30.08659,No,Muden,KwaZulu-Natal,No,No,,036 354 1090,036 354 1621
Talma Road Muizenberg,Periodical Court,No,,No,Muizenberg,Western Cape,No,No,,021 788 9852,021 788 9742
14 Church Street Murraysburg 6995,Magistrate Court,Yes, 23.7626;  -31.96287,No,Murraysburg,Western Cape,No,Yes,,049 844 0389,049 844 0001
1 Flax Avenue Musina 0900,Magistrate Court,Yes,-22.34408; 30.04502,Yes,Musina,Limpopo,No,Yes,,015 534 0241,015 534 2146/7
Musina Testing Ground N1,Periodical Court,No,-22.339901; 30.04365,No,Musina Traffic Control Centre,Limpopo,No,No,,015 534 0241,015 534 2146/7
Next to Mutale Police Station Mutale 0956,Magistrate Court,Yes,-22.7356; 30.52201,No,Mutale,Limpopo,No,Yes,,015 967 0085,015 967 0045/0038/ 0077
c/o Calvin Ngobeni & Ackson Malati Street Namakgale 1391,Magistrate Court,Yes,-23.93204; 31.02817,No,Namakgale,Limpopo,No,Yes,,015 769 2561,015 769 1540/1424
B219 Emgazini Str Pongola 3170,Branch Court,No,-27.34603 31.58298,No,Ncotshane,KwaZulu-Natal,No,No,,034 316 1030,034 316 1020
Ndwe Court House Main Road Ndwedwe 4342,Magistrate Court,Yes,-29.51556 30.93637,No,Ndwedwe,KwaZulu-Natal,No,Yes,,032 533 4013 Tel/Fax,032 532 1035 / 533 4013
Next to Nebo Post Office Nebo 1059,Magistrate Court,Yes,-24.90708; 29.76015,No,Nebo,Limpopo,Yes,Yes,,015 264 8225/ 0865073717,013 264 8201
Gumpert Street,Branch Court,No,-33.9348 25.56986,No,Nerina One Stop Youth Justice Centre,Eastern Cape,No,No,,,See Port Elizabeth
Mati Road New Brighton PE 6056,Detached Court,No,-33.90668 25.58482,No,New Brighton,Eastern Cape,No,Yes,,041 454 7351,041 454 1122
Main Road New Hanover 3230,Magistrate Court,Yes,-29.35189 30.52949,No,New Hanover,KwaZulu-Natal,No,Yes,,033 502 0340,033 502 0002/3
37 Murchison Street Newcastle 2940,Magistrate Court,Yes,-27.75562 29.93178,No,Newcastle,KwaZulu-Natal,No,Yes,,034 315 1607,034 312 1166/7/8
186 Main Road Newlands 2092,Branch Court,No,-26.17747; 27.97194,No,Newlands,Gauteng,No,No,,011 477 8250,011 477 7252
Loop West Str Newlands West,Periodical Court,No,-29.78147 30.95591,No,Newlands West,KwaZulu-Natal,No,No,,032 533 9946,032 439 1711
High Street Engcobo 6050,Magistrate Court,Yes,-31.67577 27.99887,No,Ngcobo,Eastern Cape,No,Yes,,047 548 1024,047 548 1117
2 Enstra Street SAPS Ngodwana,Periodical Court,No,-25.5708; 30.67428,No,Ngodwana,Mpumalanga,No,No,,013 755 4077/1629,013 753 6200/99
Main Road Nongoma to Vryheid Ngome,Periodical Court,No,-27.83246 31.38972,No,Ngome,KwaZulu-Natal,No,No,,034 907 5901,034 907 5015
Blythe street  Nqamakwe 4990,Magistrate Court,Yes,-32.20293 27.94162,No,Ngqamakhwe,Eastern Cape,No,Yes,,047 487 0172,047 487 0005
76 King George Street Ngqeleni 5140,Magistrate Court,Yes,-31.67339 29.03152,No,Ngqeleni,Eastern Cape,No,Yes,,047 568 0006,047 568 0002
Ngwelezana Road Enseleni 3910,Branch Court,No,-28.77398 31.86478,No,Ngwelezane,KwaZulu-Natal,No,No,,035 794 2309,035 794 2306/ 2360
3 Hoof Street Niekerkshoop,Periodical Court,No,-29.32615; 22.83894,No,Niekerkshoop,Northern Cape,No,No,,053 343 0531,053 343 0007
210 Neethling Street Nieuwoudtville,Periodical Court,No,-31.37408; 19.11713,No,Niewoudtville,Northern Cape,No,Yes (Sessions Only),,027 341 1483,027 341 1017/ 2920
Cnr 4th Avenue & Church Street Nigel\xa01490,Detached Court,Yes,-26.42122; 28.47182,No,Nigel,Gauteng,No,Yes,,011 814 5488,011 814 8261-3
Lot 208 Ndlangubo Street Nkandla 3855,Magistrate Court,Yes,-28.62081 31.0878,No,Nkandla,KwaZulu-Natal,No,Yes,,035 833 0370,035 833 0028
1513A Hlanganani Street Letaba 0870,Magistrate Court,Yes,-23.88309; 30.27695,No,Nkowankowa,Limpopo,No,Yes,,015 303 2791,015 303 1721/2770
,Periodical Court,No,-32.78887 26.83798,No,Nobanda,Eastern Cape,No,No,,,See Alice
Lot 96 Main Street Nongoma 3950,Magistrate Court,Yes,-27.89943 31.64643,No,Nongoma,KwaZulu-Natal,No,Yes,,035 831 0334,035 831 0302/3
24 Dwars Street C/o Brits Rd & Venter Street Northam,Magistrate Court,No,-24.95815; 27.26432,No,Northam,Limpopo,No,Yes,,014 772\xa0 2523,014 777 1543
54 Voortrekker Street Noupoort 5950,Magistrate Court,Yes,-31.18098; 24.95526,No,Noupoort,Northern Cape,No,Yes,,049 843 1079,049 843 1032/1310
Lot 69 Babanango Road Nqutu 3135,Magistrate Court,Yes,-28.21413 30.67806,No,Nqutu,KwaZulu-Natal,No,Yes,,034 271 0704,034 271 1910
Nsimbini Reserve,Branch Court,No,-30.00026 30.85617,No,Nsimbini,KwaZulu-Natal,No,No,,031 900 0040,031 900 0070/1
n/a,Periodical Court,No,-29.37684 30.94316,No,Nsuze,KwaZulu-Natal,No,No,,032 481 2044,032 481 2001
1 Main Street Ntabathemba 5528,Magistrate Court,Yes,-31.95138 26.45267,No,Ntabathemba,Eastern Cape,No,Yes,,045 846 9357,045 846 9358
Greylingstad SAPS 101 Dreyer Street Greylingstad2415,Periodical Court,,-26.74201; 28.76544,No,Nthorwane,Mpumalanga,No,,,017 773 0196,017 773 0050
88 Bridge City Boulevard Phoenix Industrial 4360,Magistrate Court,Yes,-29.78569 31.0203,No,Ntuzuma,KwaZulu-Natal,Yes,Yes,,031 530 4001,031 530 4000
c/o Madelief & R363 Nuwerus,Periodical Court,No, 18.35721;  -31.14976,No,Nuwerus,Western Cape,No,No,,027 219 1563,027 219 1002
c/o New Eisleben & Govener Mbeki Road Philippi 7802,Branch Court,No, 18.59344;  -34.00065,No,Nyanga,Western Cape,No,No,,021 371 3774,021 372 0902
cnr Oranje &  Van Zyl Smit Street Oberholzer 2499,Magistrate Court,Yes,-26.34875; 27.39068,Yes,Oberholzer,Gauteng,No,Yes,,018 786 2269,018 788 2341-7
Weeber Street Odendaalsrus 9480,Magistrate Court,Yes, 26.68662;  -27.8732,No,Odendaalsrus,Free State,No,Yes,,057 354 1100,057 354 1294
nu 1 Main Road Ogies ,Branch Court,No,-26.05071; 29.05317,No,Ogies,Mpumalanga,No,No,,013 656 5023,013 656 2221/ 690 2005
1 Main Street Ohrigstad,Periodical Court,No,-24.75323; 30.55849,No,Ohrigstad,Limpopo,No,No,,013 235 3411,013 235 2325/6/7
5 Cox Street Olifantshoek 8450,Periodical Court,No,-27.94338; 22.73748,No,Olifantshoek,Northern Cape,No,Yes (Sessions Only),,053 331 0261,053 331 0018/0295
Patmore Road Orkney 2620,Detached Court,No,-25.83137; 25.61075,No,Orkney,North West,No,Yes,,018 462 4275,018 473 2596
c/o Mooki and Rathebe Street Orlando East 1806,Branch Court,No,-26.2369; 27.92024,No,Orlando,Gauteng,No,Yes (Sessions Only),,011 935 2961,011 935 1205 / 2961
42 Voortrekker Street Ottosdal 2610,Detached Court,No,-26.81162; 26.00131,No,Ottosdal,North West,No,Yes,,018 571 0077,018 571 0022
120 St John Street Oudtshoorn 6620,Magistrate Court,Yes, 22.20395;  -33.59042,No,Oudtshoorn,Western Cape,No,Yes,,044 272 5842,044 203 6400/10
c/o Main and Market street Paarl 7622,Magistrate Court,Yes, 18.96939;  -33.73793,No,Paarl,Western Cape,Yes,Yes,,021 872 9116,021 872 3127
Cnr K146 road and Palm Ridge road Palm Ridge Alberton,Magistrate Court,Yes,-26.385538; 28.144237,Yes,Palm Ridge,Gauteng,Yes,Yes,,N/A as yet,010 232 2000/2001
335 Mangope Avenue Pampierstad 8566,Branch Court,No,-27.77947; 24.69964,No,Pampierstad,Northern Cape,No,No,,053 996 1987,053 996  2385/ 1796
Arnold Wilhelm Street\xa0Parow 7500,Branch Court,No, 18.59593;  -33.90439,No,Parow,Western Cape,Yes,No,,021 939 5441,021 936 9400
11 Phillip Street Parys 9585,Magistrate Court,Yes, 27.45694;  -26.89879,No,Parys,Free State,No,Yes,,056 811 2147 Tel/Fax,056 811 2147
Aalwyn Street,Periodical Court,No,-33.75632 24.81524,No,Patensie,Eastern Cape,No,No,,,See Hankey
Griffiths Street,Periodical Court,No,-33.43974 25.96964,No,Paterson,Eastern Cape,No,No,,,See Alexandria
47 Voortrekker Street Paul Roux 9800,Periodical Court,No, 27.95175;  -28.29848,No,Paul Roux,Free State,No,Yes (Sessions Only),,058 471 0752 or 0865072240 or 0866291469,058 471 0301
33 Kruger Street Paul Pietersburg 3180,Magistrate Court,Yes,-27.42383 30.81754,No,Paulpietersburg,KwaZulu-Natal,No,Yes,,034 995 1053,034 995 1003
45 Voortrekker Street Pearston 5860,Magistrate Court,Yes,-32.58198 25.13892,No,Pearston,Eastern Cape,No,Yes,,042 246 1132,042 246 1114
Main Street Peddie 5640,Magistrate Court,Yes,-33.19845 27.12085,No,Peddie,Eastern Cape,No,Yes,,040 673 3047,040 673 3740
1 Durban Street Perdekop,Periodical Court,No,-27.16822; 29.62184,No,Perdekop,Mpumalanga,No,No,,017 735 2295,017 735 2303
19 Reitz Street Petrus Steyn 9640,Periodical Court,No, 28.13123;  -27.64724,No,Petrus Steyn,Free State,No,Yes,,058 871 3194,058 871 3135/6
27 Boshoff Street Petrusburg 9932,Magistrate Court,Yes, 25.41424;  -29.11493,No,Petrusburg,Free State,No,Yes,,053 574 0122,053 574 0122 / 0316
Burg Street Petrusville,Periodical Court,No,-30.07728; 24.65855,No,Petrusville,Northern Cape,No,No,,053 665 0066,053 665 0006
c/o Sealene Street & Palm Road Phalaborwa 1390,Magistrate Court,Yes,-23.95197; 31.13567,Yes,Phalaborwa,Limpopo,No,Yes,,015 781 1819,015 781 2731
65 Voortrekker Street Philippolis 9970,Magistrate Court,Yes, 25.2725;  -30.26322,No,Philippolis,Free State,No,Yes,,051 773 0028,051 773 0002
17 Du Plessis Street Philipstown 8795,Magistrate Court,Yes,-30.43572; 24.47349,No,Philipstown,Northern Cape,No,Yes,,053 665 0066,053 665 0006
c/o Phoenix Highway & Pegasus Drive Phoenix 4068,Branch Court,No,-29.70091 31.0073,No,Phoenix,KwaZulu-Natal,No,No,,031 5076566,031 5078566
Luphepheni Location\xa0 ST Faiths Road Highflats 3306,Branch Court,No,-30.42555 30.15289,No,Phungashe,KwaZulu-Natal,No,No,,039 835 1096,039 835 0031
c/o Moremoholo & Setai Street Setsing Complex Witsieshoek 9870,Magistrate Court,Yes, 28.80829;  -28.53581,No,Phuthaditjhaba,Free State,Yes,Yes,,058 713 6413,058 713 0071
R101 Warmbad Pienaarsrivier,Periodical Court,No,-25.20261; 28.29626,No,Pienaars River,Limpopo,No,No,,014 736 5210/0865075648,014 736 2231
n/a,Periodical Court,No,-26.16245; 24.40736,No,Piet Plessis,North West,No,No,,053 927 2309,053 928 4209
c/o Church & Otto Street Pietermaritzburg 3201,Magistrate Court,Yes,-29.59972 30.3797,No,Pietermaritzburg,KwaZulu-Natal,Yes,Yes,,033 345 0324,033 355 5100/ 5172
44 Voortrekker Street Piketberg 7320,Magistrate Court,Yes, 18.75451;  -32.90652,No,Piketberg,Western Cape,No,Yes,,022 913 2155,022 913 1110/3179
Court House Main Street Pilgrims Rest,Branch Court,No,-24.90928; 30.75679,No,Pilgrim’s Rest,Mpumalanga,No,No,,013 767 1221 Tel/Fax,013 767 1221
5 Chancery Lane Pinetown 3600,Magistrate Court,Yes,-29.81865 30.86095,No,Pinetown,KwaZulu-Natal,No,Yes,,031 709 0339,031 710 7800
Old Main Road,Branch Court,No,-29.64589 30.33356,No,Plessislaer,KwaZulu-Natal,No,No,,033 398 6923,033 398 1390/1116/1167
Skool Street Pofadder 8890,Detached Court,Yes,-29.12479; 19.39461,No,Pofadder,Northern Cape,No,Yes,,054 933 0600,054 933 0021
Inter-Lia Point SAPS on 165 Prince Street Durban ,Branch Court,No,-29.86156 31.03945,No,Point,KwaZulu-Natal,No,No,,See Durban,See Durban
34 Landdros Mare street Polokwane 0699,Magistrate Court,Yes,-23.91451; 29.4541,Yes,Polokwane,Limpopo,No,Yes,,015 294 6074,015 294 6000
7 Polinghome Str Pomeroy,Periodical Court,No,-28.55156 30.42192,No,Pomeroy,KwaZulu-Natal,No,No,,033 493 0030,033 493 0001/ 0005
Koppie Alleen Str  Pongola 3170,Magistrate Court,Yes,-27.34172 31.57998,No,Pongola,KwaZulu-Natal,No,Yes,,034 413 2098,034 413 1350 / 1364
Pascoe Crescent  Port Alfred 5325,Magistrate Court,Yes,-33.59167 26.89058,No,Port Alfred,Eastern Cape,No,Yes,,046 624 5730,046 624 1144
584 Govan Mbeki Street North End Port Elizabeth 6056,Magistrate Court,Yes,-33.94436 25.60463,No,Port Elizabeth,Eastern Cape,Yes,Yes,,041 484 5638,041 502 5133/ 5111/ 5214
Kuswag Street Port Nolloth,Periodical Court,No,-29.25162; 16.86838,No,Port Nolloth,Northern Cape,No,Yes (Sessions Only),,027 851 8017,027 851 8313
5 Court House Road Port Shepstone 4240,Magistrate Court,Yes,-30.7346 30.44789,No,Port Shepstone,KwaZulu-Natal,No,Yes,,039 682 5017,039 682 0136
52 Westgate Street Port St Johns 5540,Magistrate Court,Yes,-31.62286 29.54935,No,Port St Johns,Eastern Cape,No,Yes,,047 564 1106,047 564 1120/ 1444
37 Voortrekker Street Porterville 6810,Branch Court,No, 18.99315;  -33.01163,No,Porterville,Western Cape,No,No,,022 931 2120,022 931 2410/ 2162
13 Jordaan Street Postmasburg 8420,Magistrate Court,Yes,-28.33374; 23.06815,No,Postmasburg,Northern Cape,No,Yes,,053 313 2580,053 313 1155
Cnr Peter Mokaba & Wolmarans Street Potchefstroom 2531,Magistrate Court,Yes,-25.646229; 27.213076,Yes,Potchefstroom,North West,Yes,Yes,,018 294 0018/5075,018 294 1600
Police Station Street Praktiseer 1150,Magistrate Court,Yes,-24.58074; 30.32332,No,Praktiseer,Limpopo,No,Yes,,013 216 1730,013 216 1091
Cnr Schoeman (Francis Baard) & Schubart (Sophie De Bruyn) Street Pretoria 0001\xa0\xa0,Magistrate Court,Yes,-25.74825; 28.18449,Yes,Pretoria,Gauteng,Yes,Yes,,012 328 6546,012 319 4000
335 Emily Hobhouse Street Pretoria North 0182,Magistrate Court,Yes,-25.67076; 28.1737,Yes,Pretoria North,Gauteng,Yes,Yes,,012 565 5804 / 546 3291,012 521 1002/ 4
1 Steward Street Prieska 8940,Magistrate Court,Yes,-29.66815; 22.74982,No,Prieska,Northern Cape,No,Yes,,053 353 2092,053 353 1105
26 Kerk Street Prince Albert 6930,Magistrate Court,Yes, 22.03121;  -33.22747,No,Prince Albert,Western Cape,No,Yes,,023 541 1955,023 541 1450/ 1831
Qudeni Main Road Ekombe,Periodical Court,No,-28.64475 30.89734,No,Qudeni,KwaZulu-Natal,No,No,,035 833 0370,035 833 0028
76 Robinson Road Queenstown 5320,Magistrate Court,Yes,-31.89849 26.86999,No,Queenstown,Eastern Cape,No,Yes,,045 839 2665,045 838 3801
95 Main Street Qumbu 5180,Magistrate Court,Yes,-31.16241 28.87128,No,Qumbu,Eastern Cape,No,Yes,,047 553 1061,047 553 0008
Ramokgopa,Periodical Court,No,-23.47225; 29.80511,No,Ramokgopa,Limpopo,No,No,,See Morebeng,See Morebeng
c/o Marine Drive & Alfred Road Ramsgate,Branch Court,No,-30.88216 30.35163,No,Ramsgate,KwaZulu-Natal,No,Yes (Sessions Only),,039 314 9825,039 314 4165
18 Shepherd Avenue Kensington B Randburg 2125,Magistrate Court,Yes,-26.07748; 27.99628,Yes,Randburg,Gauteng,No,Yes,,011 326 1023,011 998 5300
Cnr Pollock & Sutherland Street Randfontein 1760,Magistrate Court,Yes,-26.181562; 27.699757,No,Randfontein,Gauteng,No,Yes,,011 412 1200/4576,011 412 1195
Near Rankin’s Pass SAPS,Periodical Court,No,-24.52891; 27.9138,No,Rankin’s Pass,Limpopo,No,No,,014 717 5369,014 717 5316
1 Brand Street Rawsonville,Periodical Court,No, 19.30903;  -33.68484,No,Rawsonville,Western Cape,No,No,,023 347 5024,023 342 2325
3 Norval Street Reddersburg 9904,Magistrate Court,Yes, 26.17311;  -29.65197,No,Reddersburg,Free State,No,Yes,,051 553 0484,051 553 0032
40 Church Street Reitz 9810,Magistrate Court,Yes, 28.43131;  -27.79924,No,Reitz,Free State,No,Yes,,058 863 2779,058 863 2778
15 General Keevy Street Reivilo,Periodical Court,No,-26.16245; 24.40736,No,Reivilo,North West,No,No,,053 927 2309,053 928 4209
No 2 Pasetta Parade Richard’s Bay,Branch Court,No,-28.7383 32.048,No,Richards Bay,KwaZulu-Natal,No,Yes (Sessions Only),,035 789 8532,035 789 0183
36 Chilley Street Richmond 3780,Magistrate Court,Yes,-29.87269 30.26988,No,Richmond [KZN,KwaZulu-Natal,No,Yes,,033 212 2790,033 212 2114/2115
288 Market Street Richmond 7090,Magistrate Court,Yes,-31.4145; 23.94448,No,Richmond [NC,Northern Cape,No,Yes,,053 693 0205,053 693 0012
c/o Hof & Sending Street Riebeeck Wes,Periodical Court,No, 18.8727;  -33.35098,No,Riebeeck West,Western Cape,No,No,,022 482 4307,022 482 1121/ 1166/ 1141
64 Loubos Weg Rietfontein,Periodical Court,No,-26.74292; 20.02937,No,Rietfontein,Northern Cape,No,No,,054 332 1495,054 337 5300
13 Mitchell Street Riversdale 6670,Magistrate Court,Yes, 21.25991;  -34.09167,No,Riversdale,Western Cape,No,Yes,,028 713 3797,028 713 2428/ 1236/ 4560/ 3778
Main road Riviersonderend,Periodical Court,No, 19.92012;  -34.15061,No,Rivier-sonder-end,Western Cape,No,No,,028 214 1630,028 212 1076
54 Kerk Street Robertson 6705,Magistrate Court,Yes, 19.88272;  -33.8042,No,Robertson,Western Cape,No,Yes,,023 626 4885,023 626 3023/ 24
SAPS Roedtan Main Street Roedtan 0580,Periodical Court,No,-24.59619; 29.08159,No,Roedtan,Limpopo,No,No,,014 743 0367,014 743 2217/8
54 Meyer Street Roodepoort 1724,Magistrate Court,Yes,-26.15784; 27.86615,No,Roodepoort,Gauteng,No,Yes,,011 766 1056/ 086 507 5193,011 766 1006/1042/1043/ 760 1146
43 Maroela Street Rooiberg,Periodical Court,No,-24.77884; 27.73082,No,Rooiberg,Limpopo,No,No,,014 736 5210/0865075648,014 736 2231
010 Senekal Street  Rossenekal 1066,Periodical Court,No,-25.20155; 29.92623,No,Roossenekal,Limpopo,No,No,,013 262 3000,013 262 2033/34
cnr - Kriek and Keyter Street,Periodical Court,No, 27.93019;  -28.50395,No,Rosendal,Free State,No,No,,051 933 4479,051 933 2201
10 Murray Street Rouxville 9958,Magistrate Court,Yes, 26.83474;  -30.41597,No,Rouxville,Free State,No,Yes,,051 663 0536,051 663 0291
Perseel 180JR Rust de Winter,Branch Court,No,-25.20318; 28.60789,No,Rust de Winter,Limpopo,No,No,,014 736 5210/0865075648,014 736 2231
13 Nelson Mandela Drive Rustenburg 0300,Magistrate Court,Yes,-26.71575; 27.09321,Yes,Rustenburg,North West,No,Yes,,014 592 0191,014 597 9400 / 078 244 9609
c/o Main Street & 7th Avenue Sabie 1260,Magistrate Court,Yes,-25.09909; 30.78008,No,Sabie,Mpumalanga,No,Yes,,013 764 2795,013 764 1205
23 General Delarey Street Delareyville 2770,Periodical Court,No,-27.57047; 24.18338,No,Sannieshof,North West,No,No,,053 948 0904,053 948 9300
Near SAPS Sasalamani,Branch Court,No,-22.83127; 30.85721,No,Saselamani,Limpopo,No,Yes (Sessions Only),,015 851 1357,015 851 0022/3/4
Cnr Bain & Fichard Street Sasolburg 1947,Magistrate Court,Yes, 27.82955;  -26.81732,No,Sasolburg,Free State,No,Yes,,016 970 2417 /976 0640,016 976 0640
R612 Ixopo Main Road,Periodical Court,,-30.27388 30.49062,No,Sawoti,KwaZulu-Natal,No,,,,See Scottburgh
Next to Police Station Sekhukhune 1124,Magistrate Court,Yes,-24.75125; 30.01526,Yes,Schoonoord,Limpopo,No,Yes,,013 260 1049,013 260 1001/02
1 Botha Street Schweizer-Reneke 2780,Magistrate Court,Yes,-25.66563; 27.23732,No,Schweizer-Reneke,North West,Yes,Yes,,053 963 1506,053 963 1203
c/o Airth & Scott Street Scottburgh 4180,Magistrate Court,Yes,-30.28747 30.75625,No,Scottburgh,KwaZulu-Natal,Yes,Yes,,039 978 3258,039 978 9400
Plot 18 Moshoeshoe Street Sebokeng 1983,Detached Court,No,-26.60995; 27.84698,Yes,Sebokeng,Gauteng,No,Yes,,016 988 0071,016 988 1320
Lourens Muller Str Secunda ,Branch Court,No,-26.5046; 29.18619,No,Secunda,Mpumalanga,Yes,Yes,,017 632 2835/ 634 8655,017 631 1187/ 634 7621
Opposite Selosesha Police Station Thaba Nchu 9870,Magistrate Court,Yes,,No,Selosesha,Free State,No,Yes,,051 873 3520,051 873 2242
1 Court Street Elandsdoorn Dennilton 1030,Detached Court,Yes,-25.28637; 29.21582,No,Sempupuru,Limpopo,No,Yes,,013 980 0484,013 980 0061
Landdros Avenue Senekal 9600,Magistrate Court,Yes, 27.62293;  -28.32393,No,Senekal,Free State,No,Yes,,058 481 3868,058 481 2129
Main Road Next to Bochum Plaza Bochum 0790,Magistrate Court,Yes,-23.28766; 29.14064,No,Senwabarwana,Limpopo,No,Yes,,015 505 3153,015 505 3151/ 52
Opposite Greater Letaba Municipality Offices near SAPS Sekgosese,Periodical Court,No,-23.41238; 30.15034,No,Senwamokgope,Limpopo,No,No,,See Morebeng,See Morebeng
4003 Nelson Mandela Drive Zone 7 Seshego 0742,Magistrate Court,Yes,-23.85451; 29.38157,No,Seshego,Limpopo,No,Yes,,015 223 5101,015 223 5112
Setlagole Ploice Station Setlagole,Periodical Court,No,-26.687483; 25.457776,No,Setlagole,North West,No,No,,053 927 2309,053 928 4209
75 Curzon Street Seymour 5750,Magistrate Court,Yes,-32.55314 26.77084,No,Seymour,Eastern Cape,No,Yes,,040 863 1089,040 863 1080
Sheepmoor SAPS,Periodical Court,No,-26.71503; 30.29457,No,Sheepmoor,Mpumalanga,No,No,,017 846 9265 tel/fax,017 846 9265
133 St Georges Street Simon’s Town 7995,Magistrate Court,Yes, 18.43617;  -34.19345,No,Simon’s Town,Western Cape,No,Yes,,021 786 3429,021 786 1561
3B Rethabile Street Siyabuswa 0472,Magistrate Court,Yes,-25.10835; 29.03993,Yes,Siyabuswa,Mpumalanga,No,Yes,,013 973 1375,013 973 1311
SAPS Skukuza ,Periodical Court,No,-24.99534; 31.59013,No,Skukuza,Mpumalanga,No,No,,013 750 0426,013 751 1147/8
General Hertzog Street Smithfield 9966,Magistrate Court,Yes, 26.53097;  -30.21423,No,Smithfield,Free State,No,Yes,,051 683 0401,051 683 0192
1 Worcester Street Somerset-East 5850,Magistrate Court,Yes,-32.71861 25.59057,No,Somerset East,Eastern Cape,No,Yes,,042 243 0667,042 243 1107
33 Caledon Street Somerset West 7130,Magistrate Court,Yes, 18.85191;  -34.08335,No,Somerset West,Western Cape,No,Yes,,021 852 7299,021 850 7420
Soshanguve Highway Block H Soshanguve 2096,Detached Court,Yes,-25.52939; 28.11372,Yes,Soshanguve,Gauteng,No,Yes,,012 799 8921,012 730 1000
Lang Street,Periodical Court,No, 26.06093;  -28.7214,No,Soutpan,Free State,No,No,,051 821 1602,051 821 2211
Cnr Ndaba & Kunene drive Protea North\xa0 Soweto 1818,Detached Court,No,-26.27433; 27.83674,Yes,Soweto,Gauteng,Yes,Yes,,011 980 5141,011 980 8130
1 Hof Street Springbok 8240,Magistrate Court,Yes,-29.66583; 17.88252,No,Springbok,Northern Cape,No,Yes,,027 712 1860,027 712 1215
1 Pieterse Street Springfontein 9917,Periodical Court,No, 25.70457;  -30.26422,No,Springfontein,Free State,No,No,,051 783 0301,051 783 0028
Welgedacht Road (R555) Springs 1559,Magistrate Court,Yes,-26.245373; 28.441991,Yes,Springs,Gauteng,No,Yes,,011 811 2296,011 811 2180-4
Old Cape Road,Branch Court,No,-33.90729 25.34375,No,St Albans Prison,Eastern Cape,No,No,,,See Port Elizabeth
13 Beyers Naude St  Standerton 2430,Magistrate Court,Yes,-26.95318; 29.24297,No,Standerton,Mpumalanga,No,Yes,,017 712 3253,017 712 2043
179 Stella Street Stella ,Periodical Court,Yes,-27.20153; 25.301002,No,Stella,North West,No,No,,053 927 2309,053 928 4209
Alexander Street Stellenbosch 7600,Magistrate Court,Yes, 18.85748;  -33.93658,No,Stellenbosch,Western Cape,No,Yes,,021 883 9687,021 887 0114
81 Herschel Road Sterkspruit 9762,Magistrate Court,Yes,-30.52746 27.37058,No,Sterkspruit,Eastern Cape,No,Yes,,051 611 0034,051 611 0012
8 Hopley Street  Sterkstroom 5425,Magistrate Court,Yes,-31.55569 26.55151,No,Sterkstroom,Eastern Cape,No,Yes,,045 966 0362,045 966 0007
c/o Hendrik Potgieter & Kruger Street Steynsburg 5920,Magistrate Court,Yes,-31.29606 25.82557,No,Steynsburg,Eastern Cape,No,Yes,,048 884 0350,048 884 0048
15 Van Riebeeck Street Steynsrus 9515,Periodical Court,No, 27.56362;  -27.95321,No,Steynsrus,Free State,No,Yes,,056 471 0051,056 471 0013
35 Sarel Cilliers Street Steytlerville 6250,Magistrate Court,Yes,-33.32844 24.34443,No,Steytlerville,Eastern Cape,No,Yes,,049 835 0011 Tel/Fax 086 628 7096,049 835 0011
6 Centlivres Ave Stilfontein 2550,Detached Court,No,-26.27179; 25.11399,No,Stilfontein,North West,No,Yes,,018 462 4275,018 484 1836
Main Road West Stilbaai,Periodical Court,No, 21.41161;  -34.37777,No,Still Bay Strand,Western Cape,No,No,,028 713 3797,028 713 2428/ 1236/ 4560/ 3778
Darneil Street,Periodical Court,No,-33.97425 23.88919,No,Storms River,Eastern Cape,No,No,,,See Humansdorp
1 Gordons Bay Road Strand 7140,Magistrate Court,Yes, 18.849;  -34.1176,No,Strand,Western Cape,No,Yes,,021 854 7014,021 854 7217
40 Kerk Street Strydenburg,Periodical Court,No,-29.94297; 23.67675,No,Strydenburg,Northern Cape,No,Yes (Sessions Only),,053 203 0453,053 203 0000
23 Dragoon Street Stutterheim 4930,Magistrate Court,Yes,-32.57045 27.42678,No,Stutterheim,Eastern Cape,No,Yes,,043 683 3229,043 683 4600
37 Witbank Street SAPS Sundra,Periodical Court,No,-26.18638; 28.55025,No,Sundra,Mpumalanga,No,No,,013 665 5778,013 665 2081/ 2082/ 2042
21 Piet Retief Street Sutherland 6920,Magistrate Court,Yes,-32.39567; 20.66077,No,Sutherland,Northern Cape,No,Yes,,023 571 1316,023 571 1003
13 Jan Van Riebeeck Street Swartruggens 2835,Detached Court,Yes,-26.54952; 24.86231,No,Swartruggens,North West,No,Yes,,014 544 0660/0250,014 544 0016
88 Voortrek Street Swellendam 6740,Magistrate Court,Yes, 20.44389;  -34.0209,No,Swellendam,Western Cape,No,Yes,,028 514 2342,028 514 1109/ 1160/ 1223
81 Main Street Tabankulu 5130,Magistrate Court,Yes,-30.96151 29.30279,No,Tabankulu,Eastern Cape,No,Yes,,039 258 0001,039 258 0050
Van Reenen Street Tarkastad 5370,Magistrate Court,Yes,-32.01083 26.26098,No,Tarkastad,Eastern Cape,No,Yes,,045 846 0853,045 846 0017
Hospital Road Taung 8584,Magistrate Court,Yes,-27.54393; 24.77929,Yes,Taung,North West,Yes,Yes,,053 994 3699,053 994 1828/9
Stand Nr 435 Shopping Complex Temba 0407,Magistrate Court,Yes,-25.377309; 28.259469,Yes,Temba,North West,Yes,Yes,,012 717 5366,012 717 2179/ 3364/ 3527/ 3528
244 Gqagqa Section Tembisa 1632,Detached Court,Yes,-26.008024; 28.220897,No,Tembisa,Gauteng,Yes,Yes,,011 924 3439,011 281 0388/82
Old Mine Hospital Building SAPS Grootvlei,Periodical Court,,-26.79878; 28.50954,No,Thaba-Kgwali,Mpumalanga,No,,,017 779 0643,017 779 0150
10 Fourth Avenue Thabazimbi 0380,Magistrate Court,Yes,-24.59707; 27.40734,No,Thabazimbi,Limpopo,No,Yes,,014 772\xa0 2523,014 777 1543
Sandkraal  Road Thembalethu,Branch Court,No, 22.48521;  -34.00322,No,Thembalethu,Western Cape,Yes,Yes (Sessions Only),,044 880 2029,044 801 0100
57 Le Roux Street Theunissen 9410,Magistrate Court,Yes, 26.71188;  -28.39995,No,Theunissen,Free State,No,Yes,,057 733 2494,057 733 0007
Mphephu Drive Thohoyandou 0950,Magistrate Court,Yes,-22.97281; 30.45694,Yes,Thohoyandou,Limpopo,No,Yes,,015 962 5566,015 962 5550
Main Street Next to Police Station & Home Affairs Thulamahashe 1365,Magistrate Court,Yes,-24.7255; 31.20421,Yes,Thulamahashe,Mpumalanga,Yes,Yes,,013 773 0430,013 773 0431/0335
518 Marken Road Mapela,Periodical Court,No,-24.03652; 28.77492,No,Tin Mines,Limpopo,No,No,,015 491 8111,015 491 2158
Tina Falls,Periodical Court,No,-31.22116 29.02179,No,Tina Falls,Eastern Cape,No,No,,,See Qumbu
Main Road Next to Police Station and Post Office Tiyani,Branch Court,Yes,-23.30612; 30.29706,No,Tiyani,Limpopo,No,Yes,,015 873 2753,015 873 2797
3582 Motsatsi Street Tlhabane 0309,Detached Court,Yes,-26.9779; 26.66973,No,Tlhabane,North West,No,Yes,,014 565 5813,014 565 4206/ 7/8
Rooihogte Farm Next To Hunters Lodge 0690,Periodical Court,No,-22.98589; 28.57501,No,Tolwe,Limpopo,No,No,,015 491 8111,015 491 2158
SAPS Tomburke R572 Road Van Wyk Farm 0621,Periodical Court,No,-23.06948; 27.9986,No,Tom Burke,Limpopo,No,No,,014 769 0165 Tel/Fax,014 769 0063/ 0165/ 0167
Tonga Road Nkomazi 1341,Magistrate Court,Yes,-25.68782; 31.78547,Yes,Tonga,Mpumalanga,No,Yes,,013 780 0747,013 780 3312 /3153
15 Douglas Str Touwsrivier,Periodical Court,No, 20.03149;  -33.33903,No,Touws River,Western Cape,No,No,,023 347 5024,023 342 2325
21 Kerk Street Trompsburg 9913,Magistrate Court,Yes, 25.78108;  -30.03393,No,Trompsburg,Free State,No,Yes,,051 713 0269,051 713 0003
32019 Modjadji Street Tsakane 1550,Detached Court,No,-26.3462; 28.3764,No,Tsakane,Gauteng,No,Yes,,-,011 739 1600
Tseki Shopping Complex Poelong Village next to Police Station Witsieshoek\xa0 9870,Detached Court,No, 28.77217;  -28.58721,No,Tseki,Free State,No,Yes,,058 713 2266,058 713 1524 / 1525
SAPS  Tshaulu Tshaulu  Tshilaphala Tshaulu Village,Periodical Court,No,-22.80376; 30.74825,No,Tshaulu,Limpopo,No,No,,015 962 5566,015 962 5550
16 Mota Street Tsheseng Village Witsieshoek 9868,Detached Court,No, 28.87027;  -28.63458,No,Tsheseng,Free State,No,Yes,,058 721 0153,058 721 0160
Tshidilamolomo Police Station Tshidilamolomo,Periodical Court,No,-25.82623; 24.67332,No,Tshidilamolomo,North West,No,No,,018 384 3594,018 387 8000
Tshikombani Tribal Council ,Periodical Court,No,-22.91142; 30.21735,No,Tshikombani,Limpopo,No,No,,015 962 5566,015  962 5556
Next to Police Station Tshilwavhusiku 0938,Magistrate Court,Yes,-23.09656; 29.74109,No,Tshilwavhusiku,Limpopo,No,Yes,,015 571 5490,015 571 5277/ 5049/ 505 0563
Mulima Sekgosese Road Mulima 0817,Magistrate Court,Yes,-23.35858; 29.98854,No,Tshitale,Limpopo,No,Yes,,015 975 1716,015 975 1715/17
Tsineng,Periodical Court,No,-27.08491; 23.07599,No,Tsineng,Northern Cape,No,No,,053 773 1502/1156,053 773 1868/ 1869/ 1307/ 1550
Corner Main 7 & Thurston Streets Tsolo 5170,Magistrate Court,Yes,-31.31137 28.7565,No,Tsolo,Eastern Cape,Yes,Yes,,047 542 0067,047 542 0002
Main Street  Tsomo 5400,Magistrate Court,Yes,-32.03808 27.82071,No,Tsomo,Eastern Cape,No,Yes,,047 488 0016,047 488 0003
Near SAPS Tuinplaas,Periodical Court,No,-24.90221; 28.73624,No,Tuinplaas,Limpopo,No,No,,014 717 5369,014 717 5316
c/o Piet Retief & Waterkant Street Tulbagh 6820,Magistrate Court,Yes, 19.14045;  -33.28856,No,Tulbagh,Western Cape,No,Yes,,023 230 0099,023 230 0006
Emzumbe Location Hibberdene\xa0 4220,Branch Court,No,-30.57059 30.57728,No,Turton,KwaZulu-Natal,No,Yes (Sessions Only),,039 972 1736,039 972 1720
5th Agtste Street,Periodical Court,No, 28.51574;  -27.55465,No,Tweeling,Free State,No,No,,058 813 1638,058 813 1000
12 Eaton Road,Periodical Court,No, 27.02474;  -29.18637,No,Tweespruit,Free State,No,No,,051 973 0518,051 973 0017
18 Morgan Street Tzaneen 0850,Magistrate Court,Yes,-23.82821; 30.16075,Yes,Tzaneen,Limpopo,No,Yes,,015 307 4163,015 307 3770 / 307 7061
Lot 15 Main Road Ubombo 3970,Magistrate Court,Yes,-27.56635 32.08434,No,Ubombo,KwaZulu-Natal,No,Yes,,035 595 1165,035 595 1002
c/o Umnga Street & 2 van Riebeeck Street,Periodical Court,No,-31.1995 28.23506,No,Ugie,Eastern Cape,No,No,,n/a,See Maclear or 045 933 1357
6 Durban Street  Uitenhage 6230,Magistrate Court,Yes,-33.77138 25.40008,No,Uitenhage,Eastern Cape,No,Yes,,041 992 2907,041 992 5393
Main Road Umbumbulu 4105,Magistrate Court,Yes,-29.98549 30.70279,No,Umbumbulu,KwaZulu-Natal,Yes,Yes,,031 915 0106,031 915 0100/01/02/03
Main Road Umhlali,Periodical Court,No,-29.46886 31.21957,No,Umhlali,KwaZulu-Natal,No,No,,032 552 1656,032 551 1201
Hospital Street Umzimkulu 3297,Magistrate Court,Yes,-30.25849 29.94011,No,Umzimkulu,KwaZulu-Natal,No,Yes,,039 259 0184,039 259 0841
102 Court Road Umzinto,Periodical Court,No,-30.30875 30.6726,No,Umzinto,KwaZulu-Natal,No,Yes (Sessions Only),,039 978 3258,039 978 9400
51 Voortrekker Street Uniondale 6460,Magistrate Court,Yes, 23.1258;  -33.65713,No,Uniondale,Western Cape,No,Yes,,044 752 1237,044 752 1002
1 Weideman Street Upington 8800,Magistrate Court,Yes,-28.46085; 21.23732,No,Upington,Northern Cape,Yes,Yes,,054 332 1495,054 337 5300
51 Voor Street Utrecht 2980,Magistrate Court,Yes,-27.65597 30.31997,No,Utrecht,KwaZulu-Natal,No,Yes,,034 331 3184 Tel/Fax,034 331 3184
Farm 01 Vaalbank 0449,Magistrate Court,Yes,-25.15999; 28.85028,No,Vaalbank (eLibangeni),Mpumalanga,No,Yes,,013 976 7435,013 976 7409/10
Near SAPS Vaalwater,Periodical Court,No,-24.29323; 28.11393,No,Vaalwater,Limpopo,No,No,,014 717 5369,014 717 5316
06 Smith Street SAPS building,Periodical Court,,-26.79825; 28.94027,No,Val,Mpumalanga,No,,,017 712 3253,017 712 2043
Hoof Street Vanwyksvlei,Periodical Court,No,-26.8798; 22.052,No,Van Wyksvlei,Northern Cape,No,No,,053 382 3725,053 382 3001
n/a,Periodical Court,No,-30.35073; 21.82448,No,Van Zylsrus,Northern Cape,No,No,,053 712 2021,053 712 1081
Cnr General Hertzog & F W Beyers Street Vanderbijlpark 1911,Magistrate Court,Yes,-26.70052; 27.83388,No,Vanderbijlpark,Gauteng,No,Yes,,016 933 3377,016 933 4351
2 Church Street Vanrhynsdorp 8170,Magistrate Court,Yes, 18.73701;  -31.60797,No,Vanrhynsdorp,Western Cape,No,Yes,,027 219 1563,027 219 1002
2 Voortrekker Street Ventersburg\xa0 9450,Magistrate Court,Yes, 27.13992;  -28.08725,No,Ventersburg,Free State,No,Yes,,057 651 5047 / 0866332308,057 651 4041
31 Gey Street Ventersdorp 2710,Magistrate Court,Yes,-26.31698; 26.82196,No,Ventersdorp,North West,No,Yes,,018 264 2404,018 264 2036/7
Tennant Street  Venterstad 9798,Magistrate Court,Yes,-30.77674 25.79876,No,Venterstad,Eastern Cape,No,Yes,,051 654 0147,051 654 0007
Cnr Leslie & Beaconsfield Ave Vereeniging 1939,Detached Court,Yes,-26.67625; 27.92759,Yes,Vereeniging,Gauteng,No,Yes,,016 422 0604,016 422 0071-4
Stand Number 847 Verena A,Periodical Court,No,-25.48404; 29.025,No,Verena,Mpumalanga,No,No,,013 986 0598,013 986 0131/2
1 Handel Street,Periodical Court,No, 26.77873;  -28.8321,No,Verkeerdevlei,Free State,No,No,,051 821 1602,051 821 2211
52 Moss Street Verulam 4340,Magistrate Court,Yes,-29.64211 31.0489,No,Verulam,KwaZulu-Natal,No,Yes,,032 533 9946,032 439 1711
1 Victoria Street Victoria West 7070,Magistrate Court,Yes,-31.40419; 23.11092,No,Victoria West,Northern Cape,No,Yes,,053 621 0866,053 621 0007
Vierfontien SAPS,Periodical Court,No, 26.75157;  -27.08029,No,Vierfontein,Free State,No,No,,056 343 1392,056 343 2113
21 Engelbrecht Street Viljoenskroon 9520,Magistrate Court,Yes, 26.94482;  -27.20885,No,Viljoenskroon,Free State,No,Yes,,056 343 1392,056 343 2113
R518 Villa Nora,Periodical Court,No,-23.52816; 28.1257,No,Villa Nora,Limpopo,No,No,,014 769 0165 Tel/Fax,014 769 0063/ 0165/ 0167
Pearson Circle Villiers 9840,Magistrate Court,Yes, 28.59988;  -27.02615,No,Villiers,Free State,No,Yes,,058 821 0942,058 821 0018
3 Buitekant Street Villiersdorp,Periodical Court,No, 19.28122;  -33.99262,No,Villiersdorp,Western Cape,No,No,,028 214 1630,028 212 1076
n/a,Periodical Court,No,-28.76895; 17.62365,No,Vioolsdrif,Northern Cape,No,No,,027 712 1860,027 712 1215
20 Virginia Gardens Virginia 9430,Magistrate Court,Yes, 26.86555;  -28.10737,No,Virginia,Free State,No,Yes,,057 212 3167 /8,057 221 2900 /05
56 Louis Trichardt Street Volksrust 2470,Magistrate Court,Yes,-27.36904; 29.88408,No,Volksrust,Mpumalanga,No,Yes,,017 735 2295,017 735 2303
1 Mark Street Vosburg,Periodical Court,No,-30.57347; 22.8815,No,Vosburg,Northern Cape,No,Yes (Sessions Only),,053 621 0866,053 621 0007
2 MC Botha Drive Vosloorus 1475,Branch Court,No,-26.3426; 28.21193,No,Vosloorus,Gauteng,No,No,,011 906 7301,011 906 7300
6668 Mathew Phosa drive SAPS Vosman ,Branch Court,No,-25.86806; 29.12686,No,Vosman,Mpumalanga,No,No,,013 656 5023,013 698 0611
46 Kuhn Street Vrede 9835,Magistrate Court,Yes, 29.16382;  -27.42936,No,Vrede,Free State,No,Yes,,058 913 2747,058 913 1024
23 Oranje Street Vredefort 9595,Magistrate Court,Yes, 27.36639;  -27.00641,No,Vredefort,Free State,No,Yes,,056 931 0161,056 931 0001
17 Piet Retief Street  Vredenburg 7380,Magistrate Court,Yes, 17.9872;  -32.90525,No,Vredenburg,Western Cape,No,Yes,,022 713 1520,022 713 5274
24 Voortrekker Street Vredendal 8160,Magistrate Court,Yes, 18.50698;  -31.66455,No,Vredendal,Western Cape,No,Yes,,027 213 4823,027 213 2010
69 Market Street (c/o Market & De Kock) Vryburg 8601,Magistrate Court,Yes,-26.95846; 24.72687,Yes,Vryburg,North West,No,Yes,,053 927 2309,053 928 4209
212 Church Street Vryheid 3100,Magistrate Court,Yes,-27.76772 30.79538,No,Vryheid,KwaZulu-Natal,No,Yes,,034 980 9203,034 981 4911/4912/9809
Next to Vuwani\xa0Police Station,Magistrate Court,Yes,-23.13014; 30.41998,No,Vuwani,Limpopo,No,Yes,,015 961 5389,015 961 5402
Engelbrecht Street Wakkerstroom 2480,Magistrate Court,Yes,-27.35426; 30.1444,No,Wakkerstroom,Mpumalanga,No,Yes,,017 730 0147,017 730 0156
27B School Street Warden 9890,Periodical Court,No, 28.96369;  -27.85779,No,Warden,Free State,No,Yes,,058 643 0860 / 0027,058 643 0014
9 Struwig Street Warrenton 8530,Magistrate Court,Yes,-28.11497; 24.84852,No,Warrenton,Northern Cape,No,Yes,,053 497 5200,053 497 9200
Rademeyer Road Wasbank,Periodical Court,No,-28.3135 30.09996,No,Wasbank,KwaZulu-Natal,No,No,,034 393 2147,034 393 1164/1190
R523 SAPS Waterpoort,Periodical Court,No,-22.90068; 29.62667,No,Waterpoort,Limpopo,No,No,,015 516 0044,015 516 0181/2/3
,Periodical Court,,-26.456441; 27.38304,No,Wedela,Gauteng,No,,,,See Fochville
Retief Street Weenen 3325,Magistrate Court,Yes,-28.85384 30.08512,No,Weenen,KwaZulu-Natal,No,Yes,,036 354 1090,036 354 1621
R25 Plaas Onbekend Bapsfontein,Periodical Court,No,-25.9647; 28.46958,No,Welbekend,Gauteng,No,No,,013 932 2880,013 932 2901-3
Cnr Heeren & Buiten Street Welkom 9460,Magistrate Court,Yes, 26.73774;  -27.97683,No,Welkom,Free State,Yes,Yes,,057 916 2600,057 916 2500 / 2515
30 Jan van Riebeeck Street Wellington 7655,Magistrate Court,Yes, 19.00543;  -33.6403,No,Wellington,Western Cape,No,Yes,,021 864 2730,021 873 1145/ 8811/ 6648/ 8768
SAPS Wembesi,Branch Court,,-29.04467 29.78947,No,Wembesi,KwaZulu-Natal,No,,,,See Estcourt
Austerville Drive Wentworth 4005,Branch Court,No,-29.94245 30.98108,No,Wentworth,KwaZulu-Natal,No,No,,031 451 6238,031 468 2061
2 Minnaar Street Wepener 9944,Magistrate Court,Yes, 27.03717;  -29.73083,No,Wepener,Free State,No,Yes,,051 583 1658,051 583 1806
Cnr Pretorius & President Steyn Street Wesselsbron 9680,Magistrate Court,Yes, 26.36398;  -27.85572,No,Wesselsbron,Free State,No,Yes,,057 899 2653,057 899 1815
36 Pres Steyn Street Westonaria 1780,Magistrate Court,Yes,-26.3236; 27.65128,No,Westonaria,Gauteng,No,Yes,,011 753 3725,011 753 2251/2/4/5
c/o Mgiyeni Khumalo & Peter Graham Street\xa0White River 1240,Magistrate Court,Yes,-25.32844; 31.01958,No,White River,Mpumalanga,No,Yes,,013 750 0426,013 751 1147/8
3 Shepstone Street Whittlesea 5360,Magistrate Court,Yes,-32.17442 26.82284,No,Whittlesea,Eastern Cape,No,Yes,,040 842 3187,040 842 2246
Kühn Street Williston 8920,Magistrate Court,Yes,-31.34127; 20.91612,No,Williston,Northern Cape,No,Yes,,053 391 3311,053 391 3006
36 Weymeyer Street Willowmore 6445,Magistrate Court,Yes,-33.29536 23.48739,No,Willowmore,Eastern Cape,No,Yes,,044 923 1742,044 923 1009/ 2107
c/o Main & Hill Street  Willowvale 5040,Magistrate Court,Yes,-32.26664 28.50773,No,Willowvale,Eastern Cape,No,Yes,,047 499 1022,047 499 1038
34 Leech Street Winburg 9420,Magistrate Court,Yes, 27.00912;  -28.51905,No,Winburg,Free State,No,Yes,,051 881 1535 / 0865071382,051 881 0002
n/a,Periodical Court,No,-28.3267; 24.71093,No,Windsorton,Northern Cape,No,Yes (Sessions Only),,053 531 0812,053 531 0621/23
1 President Str Winterton,Periodical Court,No,-28.81438 29.54009,No,Winterton,KwaZulu-Natal,No,No,,036 352 1270,036 352 3030/3032
R360 Witdraai,Periodical Court,No,-26.95578; 20.70595,No,Witdraai,Northern Cape,No,No,,054 332 1495,054 337 5300
Witpoort Lephalale 0555,Detached Court,Yes,-23.32973; 28.00542,No,Witpoort,Limpopo,No,Yes,,014 769 0165 Tel/Fax,014 769 0063/ 0165/ 0167
28 Piet Retief Street Wolmaransstad 2630,Magistrate Court,Yes,-27.19892; 25.98232,No,Wolmaransstad,North West,No,Yes,,018 596 1121/1332,018 596 1060
29 Eeufees Street  Wolseley 6830,Branch Court,No, 19.20098;  -33.41388,No,Wolseley,Western Cape,No,Yes (Sessions Only),,023 231 1086 Tel/Fax,023 231 1086
57 Adderley & Waterloo Street Worcester 6850,Magistrate Court,Yes, 19.44355;  -33.6459,No,Worcester,Western Cape,No,Yes,,023 347 5024,023 342 2325
c/o Church & Court  Road Wynberg 7800,Magistrate Court,Yes, 18.46617;  -34.00409,No,Wynberg [WC,Western Cape,Yes,Yes,,021 762 7842,021 799 1800
New Stand ,Branch Court,No,-25.16611; 29.75124,No,Zaaiplaas,Limpopo,No,No,,013 262 3000,013 262 2033/34
20 Hoofd Street Zastron 9950,Magistrate Court,Yes, 27.08456;  -30.30335,No,Zastron,Free State,No,Yes,,051 673 1027,051 673 1004
R518 Road Groothoek 0628,Periodical Court,No,-24.29834; 29.24439,No,Zebediela,Limpopo,No,Yes (Sessions Only),,015 491 8111,015 491 2158
27 President Street Zeerust 2865,Detached Court,Yes,-25.54581; 26.07926,No,Zeerust,North West,No,Yes,,018 642 2116/ 086 5075 032,018 642 1055
Main Road  Zwelitsha 5608,Magistrate Court,Yes,-32.92038 27.42269,No,Zwelitsha,Eastern Cape,No,Yes,,040 654 3334,040 658 0204
,Magistrate Court,Yes,-27.00805; 29.87206,No,Amersfoort,Mpumalanga,No,Yes,c/o Plain &Sybrand van Niekerk Street Amersfoort 2490,017 753 1559,017 753 1004/1070
,Branch Court,No,-26.62343; 30.66065,No,Amsterdam,Mpumalanga,No,Yes (Sessions Only),93 President Street Amsterdam 2375,017 846 9265 el/fax,017 846 9265
,Periodical Court,No,E 20.06686; S -33.83376,No,Ashton,Western Cape,No,No,Station Road Ashton,023 614 3974,023 614 1105
,Periodical Court,No,-25.16724; 27.60205,No,Assen,North West,No,No,Assen Police Saion,012 252 3223,012 252 3223
,Detached Court,No,-26.50188; 25.36968,Yes,Atamelang,North West,No,Yes,1026 Simi Seadi Avenue Atamelang 2732,018 334 3521,018 334 2935/ 3520/ 2200/ 2142
,Branch Court,No,E 18.50645; S -33.96148,No,Athlone,Western Cape,No,No,Old Klipfontein Road Athlone 7764,021 697 1746,021 697 1246
,Detached Court,Yes,E 18.49383; S -33.56632,No,Altantis,Western Cape,Yes,Yes,c/o Wesfleur Circle & Reygersdal Street Wesfleur,021 572 3230,021 572 1003
,Detached Court,No,-25.77375; 28.0718,No,Atteridgeville,Gauteng,No,Yes,1 Hlahla Street Atteridgeville 0008,012 373 1137,012 373 1140
,Periodical Court,No,No,No,Augrabies,Northern Cape,No,No,No,No,See Kakamas
,Magistrate Court,Yes,E 31.08322; S -28.37697,No,Babanango,KwaZulu-Naal,No,Yes,Lo 59 c/o Justice & Main Street Babanango 3850,035 835 0007,035 835 0044
,Periodical Court,No,E 26.67652; S -32.53637,No,Balfour [EC],Easern Cape,No,No,No,No,See Seymour
,Magistrate Court,Yes,-26.66341; 28.58758,No,Balfour [MP],Mpumalanga,No,Yes,c/o Themba Shozi & Frank Street Balfour 2410,017 773 1127,017 773 0157
,Periodical Court,No,-23.3178; 29.80374,No,Bandelierkop,Limpopo,No,No,SAPS Bandelierkop,015 516 0044,015 516 0181/2/3
,Magistrate Court,Yes,-25.78954; 31.05255,No,Barberton,Mpumalanga,No,Yes,President Plein De Villiers Street Barberton 1300. Next to the Municipality Building.,013 712 5122,013 712 2104/ 3284/ 3267
,Magistrate Court,Yes,E 27.59273; S -30.96776,No,Barkly East,Easern Cape,No,Yes,Graskop Main Road Bushbuckridge 1280,045 971 0585,045 971 0013
